arc,id,name,size,sha16,tags,j3d
Demo01_00.arc,0x001a,demo01_link_cut00_bd_talk_l.bck,78240,b8e3a476ecfc10be,"anim,link_body",-1
Demo01_00.arc,0x001c,demo01_wb_cut99_gp_walk_l.bck,7200,b507039778107f10,"anim,beta_cast",-1
Demo01_00.arc,0x001b,demo01_ctz1_cut00_gp_talk_l.bmd,31072,a01739dc3ec05548,"beta_cast,model",0
Demo01_00.arc,0x001d,demo01_wb_cut99_gp_walk_l.bmd,68384,b72944ed0b60fa7d,"beta_cast,model",0
Demo01_00.arc,0x0025,demo01_link_cut00_bd_original_o.bmd,380576,8a1abe5947f531ed,"link_body,model,original",0
Demo01_00.arc,0x0033,demo01_wb_cut00_gp_original_o.bmd,77088,e64a458df70ff12a,"beta_cast,model,original",0
Demo01_00.arc,0x0034,demo01_link_cut00_bd_high_o.bmd,406272,20bc3b78b79f4eff,"high,link_body,model",0
Demo01_00.arc,0x001f,demo01_link_cut00_bd_sleep_o.bck,61856,19a8efa3695188af,"anim,link_body",-1
Demo01_00.arc,0x0023,demo01_link_cut04_bd_lookhand_o.bck,14912,cd39f127a1bcf94f,"anim,link_body",-1
Demo01_00.arc,0x0024,demo01_link_cut05_bd_turnround_o.bck,44704,9a8a6e4f73f3770b,"anim,link_body",-1
Demo01_00.arc,0x0026,demo01_link_cut06_bd_standup_o.bck,44864,561d7caf374de37d,"anim,link_body",-1
Demo01_00.arc,0x0027,demo01_link_cut07_bd_whistle_o.bck,60736,31ce6e1df372b41f,"anim,link_body",-1
Demo01_00.arc,0x0029,demo01_wb_cut08_bd_notice1_o.bck,2048,8d2ae6b16f73eb7c,"anim,beta_cast",-1
Demo01_00.arc,0x002a,demo01_wb_cut08_bd_notice2_o.bck,2048,e236ccec50587c6c,"anim,beta_cast",-1
Demo01_00.arc,0x002b,demo01_wb_cut08_bd_notice3_o.bck,2048,f9893bc0c82b2d7f,"anim,beta_cast",-1
Demo01_00.arc,0x002c,demo01_wb_cut05_bd_eat_o.bck,1920,90f6e555f9974d80,"anim,beta_cast",-1
Demo01_00.arc,0x002d,demo01_link_cut10_bd_lookaround_o.bck,41024,8c07d4eca5391d51,"anim,link_body",-1
Demo01_00.arc,0x002f,demo01_link_cut11_bd_lookaround_o.bck,48640,e276c9bd10d00a0d,"anim,link_body",-1
Demo01_00.arc,0x0030,demo01_link_cut12_bd_lookoutover_o.bck,43040,6514b008f80ae23a,"anim,link_body",-1
Demo01_00.arc,0x0032,demo01_link_cut13_bd_lookoutover_o.bck,52160,03d127f1b0c3dd65,"anim,link_body",-1
Demo01_00.arc,0x0020,demo01_link_cut00_bd_sleep_o.btk,768,8dfea0d2260f9399,"anim,link_body",-1
Demo01_00.arc,0x0028,demo01_link_cut07_bd_whistle_o.btk,384,0b5b57f7f684cc1f,"anim,link_body",-1
Demo01_00.arc,0x002e,demo01_link_cut10_bd_lookaround_o.btk,480,b48b848d0d562c30,"anim,link_body",-1
Demo01_00.arc,0x0031,demo01_link_cut12_bd_lookoutover_o.btk,512,80c6a965d35eff75,"anim,link_body",-1
Demo01_01.arc,0x0003,demo01_link_cut01_bd_1_l.bck,5600,c1f3e6a4c8725f6c,"anim,link_body",-1
Demo01_01.arc,0x0004,demo01_link_cut02_bd_1_o.bck,6368,f54470faa265a390,"anim,link_body",-1
Demo01_01.arc,0x0006,demo01_link_cut03_bd_1_l.bck,4512,e10fb8bc198df805,"anim,link_body",-1
Demo01_01.arc,0x0007,demo01_link_cut03_bd_2_o.bck,12224,573bbaa2c0c9835e,"anim,link_body",-1
Demo01_01.arc,0x000a,demo01_link_cut05_bd_1_o.bck,5184,4b359f846ef28c5b,"anim,link_body",-1
Demo01_01.arc,0x000c,demo01_link_cut06_bd_1_l.bck,5600,177653e3fb6e3e39,"anim,link_body",-1
Demo01_01.arc,0x000d,demo01_link_cut07_bd_1_o.bck,7424,4a207d47b990a5b3,"anim,link_body",-1
Demo01_01.arc,0x000e,demo01_link_cut07_bd_2_o.bck,50272,e35ce4ce36b21398,"anim,link_body",-1
Demo01_01.arc,0x0011,demo01_link_cut08_bd_1_o.bck,22144,df6f7a23204c0b96,"anim,link_body",-1
Demo01_01.arc,0x003a,demo00_link_cut00_hd_tmp.bck,1824,191e35cea679d1b9,"anim,tmp",-1
Demo01_02.arc,0x0008,demo01_link_cut01_bd_1_o.bck,24960,abfc7210261b2a32,"anim,link_body",-1
Demo01_02.arc,0x0009,demo01_link_cut03_bd_1_o.bck,12896,ab123d791816bc90,"anim,link_body",-1
Demo01_02.arc,0x000a,demo01_link_cut04_bd_1_o.bck,23712,6b5176c020041741,"anim,link_body",-1
Demo01_02.arc,0x001c,demo01_link_cut02_bd_1_o.bck,23136,3ffcb58023e3f56c,"anim,link_body",-1
Demo01_03.arc,0x0005,demo01_link_cut01_bd_1_o.bck,8032,a2254c79dc199c3c,"anim,link_body",-1
Demo01_03.arc,0x0008,demo01_link_cut04_bd_1_o.bck,4832,7276db1f6f3c07d6,"anim,link_body",-1
Demo01_03.arc,0x002d,demo01_link_cut09_bd_1_o.bck,14560,99f8587b1b9cca0d,"anim,link_body",-1
Demo01_03.arc,0x002e,demo01_link_cut09_bd_2_o.bck,11712,3d9a5669ebf109a2,"anim,link_body",-1
Demo01_04.arc,0x0003,demo01_link_cut01_bd_1_o.bck,14464,311fccc197b68a15,"anim,link_body",-1
Demo01_04.arc,0x0004,demo01_link_cut03_bd_1_o.bck,3904,c45e72a78aae4d3f,"anim,link_body",-1
Demo01_05.arc,0x000e,demo01_link_cut02_bd_1_o.bck,5920,c99bfb7a1985dfd2,"anim,link_body",-1
Demo01_05.arc,0x0011,demo01_link_cut03_bd_1_o.bck,14720,ebf6274dadf066d0,"anim,link_body",-1
Demo02_00.arc,0x0022,demo02_link_cut03_bd_1_o.bck,6048,6c86ca45888149f3,"anim,link_body",-1
Demo02_00.arc,0x0025,demo02_link_cut04_bd_1_o.bck,6336,f34d5e65425257a2,"anim,link_body",-1
Demo02_00.arc,0x0028,demo02_link_cut05_bd_1_o.bck,29472,e8ad6a19d7b095e0,"anim,link_body",-1
Demo02_00.arc,0x0029,demo02_link_cut05_bd_2_l.bck,3840,1df96e6c140e5ea5,"anim,link_body",-1
Demo02_00.arc,0x002e,demo02_link_cut07_bd_1_o.bck,21024,9400ec19fceabaa0,"anim,link_body",-1
Demo02_00.arc,0x002f,demo02_link_cut07_bd_2_l.bck,2784,bf39da5734d89db4,"anim,link_body",-1
Demo02_00.arc,0x0034,demo02_link_cut09_bd_1_o.bck,3904,2489a11a4ce30a2d,"anim,link_body",-1
Demo02_00.arc,0x0035,demo02_link_cut09_bd_2_l.bck,2688,341d2bda6dad43f2,"anim,link_body",-1
Demo02_00.arc,0x003a,demo02_link_cut10_bd_1_o.bck,11584,69edaf0cf49d0b9f,"anim,link_body",-1
Demo02_00.arc,0x003b,demo02_link_cut10_bd_2_l.bck,4288,d90f63d9043919d9,"anim,link_body",-1
Demo02_00.arc,0x003c,demo02_link_cut10_bd_3_o.bck,9344,0443c77e56e10a6e,"anim,link_body",-1
Demo02_00.arc,0x003d,demo02_link_cut10_bd_4_l.bck,3840,ecf600a99559cbad,"anim,link_body",-1
Demo02_00.arc,0x0046,demo02_link_cut11_bd_1_l.bck,5088,839c39e901957429,"anim,link_body",-1
Demo02_00.arc,0x0049,demo02_link_cut12_bd_1_l.bck,4064,0a7f09878da4dcda,"anim,link_body",-1
Demo02_00.arc,0x004a,demo02_link_cut12_bd_2_o.bck,10656,e2288948bbd8fb7d,"anim,link_body",-1
Demo02_00.arc,0x004b,demo02_link_cut12_bd_3_l.bck,5120,e98b5e2953b19426,"anim,link_body",-1
Demo02_00.arc,0x0052,demo02_link_cut13_bd_1_o.bck,5696,0d56a90bd4c79364,"anim,link_body",-1
Demo02_00.arc,0x0053,demo02_link_cut13_bd_2_l.bck,3456,e10ef5e4e7c50664,"anim,link_body",-1
Demo02_00.arc,0x0054,demo02_link_cut13_bd_3_o.bck,8768,2ea7da72ce76a244,"anim,link_body",-1
Demo02_00.arc,0x0055,demo02_link_cut13_bd_4_l.bck,3680,1e397e7af27bbd6f,"anim,link_body",-1
Demo02_00.arc,0x0070,demo02_link_cut00_hd_1_o.blk,672,a308d2203d5847be,"anim,link_body",-1
Demo02_00.arc,0x0072,demo02_link_cut00_hd_1_o.bls,67360,1f708a85bdd5ace3,link_body,-1
Demo02_00.arc,0x00e9,demo02_link_cut03_bd_1_o.btp,96,578157f9cabf0860,"anim,link_body",-1
Demo02_00.arc,0x00ec,demo02_link_cut04_bd_1_o.btp,96,87108493afef94c3,"anim,link_body",-1
Demo02_00.arc,0x00ef,demo02_link_cut05_bd_1_o.btp,96,1fe1bba5f6fe6de1,"anim,link_body",-1
Demo02_00.arc,0x00f0,demo02_link_cut05_bd_2_l.btp,96,d4ed15b7aa7d6c54,"anim,link_body",-1
Demo02_00.arc,0x00f5,demo02_link_cut07_bd_1_o.btp,96,4b53036499cf6efa,"anim,link_body",-1
Demo02_00.arc,0x00f6,demo02_link_cut07_bd_2_l.btp,96,32ea9cc788cceaac,"anim,link_body",-1
Demo02_00.arc,0x00ff,demo02_link_cut10_bd_1_o.btp,96,ad25d13fa6829ad9,"anim,link_body",-1
Demo02_00.arc,0x0100,demo02_link_cut10_bd_2_l.btp,96,0d44305516155665,"anim,link_body",-1
Demo02_00.arc,0x0101,demo02_link_cut10_bd_3_o.btp,96,bde51cf2cc40158d,"anim,link_body",-1
Demo02_00.arc,0x0102,demo02_link_cut10_bd_4_l.btp,96,0d44305516155665,"anim,link_body",-1
Demo02_00.arc,0x010b,demo02_link_cut11_bd_1_l.btp,96,0d44305516155665,"anim,link_body",-1
Demo02_00.arc,0x010e,demo02_link_cut12_bd_1_l.btp,96,c82f880daac6da2d,"anim,link_body",-1
Demo02_00.arc,0x010f,demo02_link_cut12_bd_2_o.btp,96,aad39cce73a98eaa,"anim,link_body",-1
Demo02_00.arc,0x0110,demo02_link_cut12_bd_3_l.btp,96,d4ed15b7aa7d6c54,"anim,link_body",-1
Demo02_00.arc,0x0117,demo02_link_cut13_bd_1_o.btp,96,4abb8962a225f59b,"anim,link_body",-1
Demo02_00.arc,0x0118,demo02_link_cut13_bd_2_l.btp,96,45f433337863bb55,"anim,link_body",-1
Demo02_00.arc,0x0119,demo02_link_cut13_bd_3_o.btp,96,650e8c89c29d7096,"anim,link_body",-1
Demo02_00.arc,0x011a,demo02_link_cut13_bd_4_l.btp,96,3089080c4f85b15d,"anim,link_body",-1
Demo04_00.arc,0x001e,demo04_link_cut01_bd_1_o.bck,68448,b08baedb06d3ab03,"anim,link_body",-1
Demo04_00.arc,0x0020,demo04_link_cut03_bd_1_o.bck,4864,4646cdca672de32b,"anim,link_body",-1
Demo04_00.arc,0x0021,demo04_link_cut05_bd_1_o.bck,4480,45e7834316824e69,"anim,link_body",-1
Demo04_00.arc,0x0022,demo04_link_cut05_bd_2_l.bck,2784,86a9e5d5c91ce62b,"anim,link_body",-1
Demo04_00.arc,0x0025,demo04_link_cut06_bd_1_o.bck,16832,a0a2019d9446367f,"anim,link_body",-1
Demo04_00.arc,0x0027,demo04_link_cut08_bd_1_o.bck,9056,2b0e327603d67b8a,"anim,link_body",-1
Demo04_00.arc,0x0029,demo04_link_cut09_bd_1_o.bck,21696,6fadaab961d48911,"anim,link_body",-1
Demo04_00.arc,0x002b,demo04_link_cut13_bd_1_o.bck,33920,6f5057a99669b8d2,"anim,link_body",-1
Demo04_00.arc,0x002d,demo04_link_cut15_bd_1_l.bck,2368,026663aeacea82ef,"anim,link_body",-1
Demo04_00.arc,0x002f,demo04_link_cut16_bd_1_l.bck,2464,0899a6bd203cf796,"anim,link_body",-1
Demo04_00.arc,0x0031,demo04_link_cut18_bd_1_l.bck,2496,d7140639e08e26ca,"anim,link_body",-1
Demo04_00.arc,0x0033,demo04_link_cut20_bd_1_o.bck,2368,34a12436d8f8f6e7,"anim,link_body",-1
Demo04_00.arc,0x0035,demo04_link_cut21_bd_1_o.bck,2528,b82cc2b55f40f7fd,"anim,link_body",-1
Demo04_00.arc,0x0037,demo04_link_cut22_bd_1_o.bck,48416,b6ba16c5bbbef8ee,"anim,link_body",-1
Demo04_00.arc,0x0038,demo04_link_cut22_bd_2_o.bck,13312,ab3679f23d723704,"anim,link_body",-1
Demo04_00.arc,0x003b,demo04_link_cut26_bd_1_o.bck,48800,5e600c2d9a62d76b,"anim,link_body",-1
Demo04_00.arc,0x003d,demo04_link_cut27_bd_1_o.bck,12928,7326db960b92b397,"anim,link_body",-1
Demo04_00.arc,0x003f,demo04_link_cut28_bd_1_o.bck,9408,3bc96cdcce7ff959,"anim,link_body",-1
Demo04_00.arc,0x0041,demo04_link_cut99_bd_1_o.bck,4352,b73a7c29fc0fb278,"anim,link_body",-1
Demo04_00.arc,0x0059,demo04_rdwb_cut00_gp_0_o.bck,3712,57accee6bce718c0,"anim,beta_cast",-1
Demo04_00.arc,0x005a,demo04_rdwb_cut00_gp_wait_l.bck,8416,6475e4e27ac24360,"anim,beta_cast",-1
Demo04_00.arc,0x005b,demo04_rdwb_cut07_gp_1_o.bck,63072,b3940af6730427e7,"anim,beta_cast",-1
Demo04_00.arc,0x005c,demo04_rdwb_cut09_gp_1_o.bck,37408,3c54ab8e02b4eb1e,"anim,beta_cast",-1
Demo04_00.arc,0x005d,demo04_rdwb_cut10_gp_1_o.bck,16736,d11718d284144ef2,"anim,beta_cast",-1
Demo04_00.arc,0x005e,demo04_rdwb_cut13_gp_1_o.bck,40864,a68c5bff756d0a8c,"anim,beta_cast",-1
Demo04_00.arc,0x005f,demo04_rdwb_cut14_gp_b_o.bck,7520,4dac96bbe97710f8,"anim,beta_cast",-1
Demo04_00.arc,0x0060,demo04_rdwb_cut16_gp_1_l.bck,7904,7c67e4598da24f46,"anim,beta_cast",-1
Demo04_00.arc,0x0061,demo04_rdwb_cut19_gp_1_o.bck,16672,066adcbd43199ed7,"anim,beta_cast",-1
Demo04_00.arc,0x0062,demo04_rdwb_cut20_gp_a_o.bck,24608,8cc88ed71a9e3a59,"anim,beta_cast",-1
Demo04_00.arc,0x0063,demo04_rdwb_cut20_gp_b_o.bck,24448,df5c3670e91b2e09,"anim,beta_cast",-1
Demo04_00.arc,0x0085,demo04_rdwb_cut00_gp_0_o.bmd,137248,3f5bd66686103a74,"beta_cast,model",0
Demo04_01.arc,0x0044,demo04_link_cut01_bd_1_o.bck,6208,5f23e537f3d4c920,"anim,link_body",-1
Demo04_01.arc,0x0045,demo04_link_cut03_bd_1_o.bck,11584,a289486f480ef68a,"anim,link_body",-1
Demo04_01.arc,0x0061,demo04_link_cut04_bd_1_o.bck,5408,6155a15e8dcfa21c,"anim,link_body",-1
Demo04_01.arc,0x0063,demo04_link_cut05_bd_1_o.bck,4480,4c04ab7b4b7c1c6b,"anim,link_body",-1
Demo04_01.arc,0x0064,demo04_link_cut05_bd_2_o.bck,5056,8de04bfe05ae148e,"anim,link_body",-1
Demo04_01.arc,0x0067,demo04_link_cut06_bd_1_o.bck,23232,ca02a3fa31dfdfae,"anim,link_body",-1
Demo04_01.arc,0x0069,demo04_link_cut08_bd_1_o.bck,14048,fb29f3ecfd221e8f,"anim,link_body",-1
Demo04_01.arc,0x0074,demo04_link_cut09_gp_henkei3_o.bck,8256,7b4e27980b94c109,"anim,henkei",-1
Demo04_01.arc,0x00b3,demo00_link_cut00_hl_tmp.bck,1984,4819deb6a60f5a85,"anim,link_body,tmp",-1
Demo04_01.arc,0x00b5,demo04_link_cut09_gp_hl1_o.bck,8320,9bb8b90ff2265cd0,"anim,link_body",-1
Demo04_01.arc,0x00c6,demo04_link_cut04_hl_1_o.bck,2080,6bb13b546a6a0173,"anim,link_body",-1
Demo04_01.arc,0x005e,demo04_link_cut99_gp_hiface_o.bmd,81344,ae15bf9ca47b230d,"hiface,model",0
Demo04_01.arc,0x008d,demo04_link_cut99_gp_henkeiface_o.bmd,36064,1faf0f8252fd567d,"henkei,model",0
Demo04_01.arc,0x008e,demo04_wl_cut99_gp_henkei_o.bmd,31104,08e1ab3a005a6abb,"henkei,model",0
Demo04_01.arc,0x00aa,demo00_link_cut00_hl_tmp.bmd,75680,c4c9f14784e11d5c,"link_body,model,tmp",0
Demo04_01.arc,0x00b6,demo04_link_cut99_gp_hl_o.bmd,221760,2c8774146a3f31bb,"link_body,model",0
Demo04_01.arc,0x00b8,demo04_link_cut99_gp_blnohandl_o.bmd,132736,7b8267a2dac85c6a,"link_body,model",0
Demo04_01.arc,0x00bb,demo04_link_cut04_hl_1_o.brk,768,0575e0b0b8f0b2a2,"anim,link_body",-1
Demo04_01.arc,0x00bc,demo04_link_cut09_gp_hl1_o.brk,480,4c11f3e9dcfd7657,"anim,link_body",-1
Demo04_01.arc,0x00bd,demo04_link_cut05_hl_2_o.brk,480,4c11f3e9dcfd7657,"anim,link_body",-1
Demo06_01.arc,0x007f,demo06_kusari_cut01_bd_high_o.bck,79360,08bef5532101068e,"anim,high",-1
Demo06_01.arc,0x0080,demo06_kusari_cut02_bd_high_o.bck,85376,9c6a9408c0a0ef14,"anim,high",-1
Demo06_01.arc,0x0081,demo06_kusari_cut04_bd_high_o.bck,14560,6e8fae35a1c93523,"anim,high",-1
Demo06_01.arc,0x0084,demo06_okamilink_cut01_bd_cam_o.bck,29504,dd1b15c39bf70c81,"anim,link_body",-1
Demo06_01.arc,0x0085,demo06_okamilink_cut02_bd_cam_o.bck,32992,ac337ee91f97b538,"anim,link_body",-1
Demo06_01.arc,0x0086,demo06_okamilink_cut04_bd_hoeru_o.bck,5696,a670b711172ee788,"anim,link_body",-1
Demo06_01.arc,0x00e0,demo00_midna_cut00_fc_tmp.bck,512,4454c1acd2bb7e46,"anim,tmp",-1
Demo06_01.arc,0x0091,demo06_kusarinomove_cut00_bd_high_o.bmd,83040,a205b4b9c582f588,"high,model",0
Demo06_01.arc,0x0092,demo06_kusari_cut00_bd_high_o.bmd,45376,10b3667f490bb279,"high,model",0
Demo06_01.arc,0x00ee,demo00_midna_cut00_fc_blend.bmd,88672,80d5304750b48e6a,"model,tmp",0
Demo06_01.arc,0x00ef,demo00_midna_cut00_fc_tongue.bmd,27680,c53fd3a71f09b81f,"model,tmp",0
Demo06_01.arc,0x00fd,demo00_midna_cut00_fc_tmp.bls,260736,dbbae519f0d4d937,tmp,-1
Demo06_02.arc,0x005e,demo00_midna_cut00_fc_tmp.bls,260736,dbbae519f0d4d937,tmp,-1
Demo06_02.arc,0x005f,demo00_midna_cut00_fc_blend.bmd,88672,80d5304750b48e6a,"model,tmp",0
Demo06_02.arc,0x0060,demo00_midna_cut00_fc_tongue.bmd,27680,c53fd3a71f09b81f,"model,tmp",0
Demo07_01.arc,0x0000,demo07_link_cut01_bd_nomal_o.bck,10784,41e7699be36d3f23,"anim,link_body",-1
Demo07_01.arc,0x000c,demo07_link_cut02_bd_unari_o.bck,16480,cff6710e55ecc284,"anim,link_body",-1
Demo07_01.arc,0x0010,demo07_link_cut03_bd_unari2_o.bck,14304,6614201dab886131,"anim,link_body",-1
Demo07_01.arc,0x0014,demo07_link_cut05_bd_lookwalk_o.bck,22944,afa0ad9bb873da86,"anim,link_body",-1
Demo07_01.arc,0x001a,demo07_link_cut06_bd_tikayoru1_o.bck,21952,e7dd635b661f7ba8,"anim,link_body",-1
Demo07_01.arc,0x001b,demo07_link_cut06_bd_tikayoru2_l.bck,7104,e25773046d9deff4,"anim,link_body",-1
Demo07_01.arc,0x001c,demo07_link_cut06_bd_tikayoru3_o.bck,8064,540edf9449dfdccf,"anim,link_body",-1
Demo07_01.arc,0x001d,demo07_link_cut06_bd_tikayoru4_l.bck,6944,bbea8e1718b9d2f0,"anim,link_body",-1
Demo07_01.arc,0x001e,demo07_link_cut06_bd_tikayoru5_o.bck,7872,b1d7c6ebf868299f,"anim,link_body",-1
Demo07_01.arc,0x001f,demo07_link_cut06_bd_tikayoru6_l.bck,6976,b1672217caabc4bc,"anim,link_body",-1
Demo07_01.arc,0x0020,demo07_link_cut06_bd_tikayoru7_o.bck,10080,6661c9155098ad53,"anim,link_body",-1
Demo07_01.arc,0x003d,demo07_link_cut07_bd_asi_l.bck,5824,29eaedc197a5bdef,"anim,link_body",-1
Demo07_01.arc,0x0050,demo07_link_cut09_bd_doko1_o.bck,11776,c20a1b31bef3f5d5,"anim,link_body",-1
Demo07_01.arc,0x0051,demo07_link_cut09_bd_doko2_l.bck,7200,c7336e8b7d705dad,"anim,link_body",-1
Demo07_01.arc,0x0052,demo07_link_cut09_bd_doko3_o.bck,4896,f1de2a7e2f128b8c,"anim,link_body",-1
Demo07_01.arc,0x0053,demo07_link_cut10_bd_odoshi1_o.bck,9984,28b9c0716dbe4436,"anim,link_body",-1
Demo07_01.arc,0x0054,demo07_link_cut10_bd_odoshi2_l.bck,7200,2803e37f63d1d31e,"anim,link_body",-1
Demo07_01.arc,0x0064,demo07_link_cut11_bd_look1_o.bck,14400,be1309ee5b29d9ed,"anim,link_body",-1
Demo07_01.arc,0x0065,demo07_link_cut11_bd_look2_l.bck,9376,a488c0b8693ead83,"anim,link_body",-1
Demo07_01.arc,0x0066,demo07_link_cut12_bd_look_l.bck,9024,900220262438cf76,"anim,link_body",-1
Demo07_01.arc,0x0073,demo07_link_cut08_bd_sorry1_o.bck,12544,2591f878bd2ef458,"anim,link_body",-1
Demo07_01.arc,0x0074,demo07_link_cut08_bd_sorry2_l.bck,8000,78dd3764a0b708e7,"anim,link_body",-1
Demo07_01.arc,0x0082,demo07_03link_cut01_bd_nomal_l.bck,9440,c692a2ecaa2ca050,"anim,link_body",-1
Demo07_01.arc,0x0088,demo07_03link_cut03_bd_kaoage_o.bck,12768,fa7319a24a2481fa,"anim,link_body",-1
Demo07_01.arc,0x009a,demo07_03link_cut06_bd_what10_l.bck,8128,3cbccc47b6c94add,"anim,link_body",-1
Demo07_01.arc,0x009b,demo07_03link_cut06_bd_what11_o.bck,11296,d5a5d089358a44cc,"anim,link_body",-1
Demo07_01.arc,0x009c,demo07_03link_cut06_bd_what1_o.bck,7936,e432beeead855220,"anim,link_body",-1
Demo07_01.arc,0x009d,demo07_03link_cut06_bd_what2_l.bck,7104,2e659e4a72571bf1,"anim,link_body",-1
Demo07_01.arc,0x009e,demo07_03link_cut06_bd_what3_o.bck,14048,928206b4cd7bd468,"anim,link_body",-1
Demo07_01.arc,0x009f,demo07_03link_cut06_bd_what4_l.bck,7552,2973abbfbfbb3911,"anim,link_body",-1
Demo07_01.arc,0x00a0,demo07_03link_cut06_bd_what5_o.bck,22144,cc8751ac7ae52780,"anim,link_body",-1
Demo07_01.arc,0x00a1,demo07_03link_cut06_bd_what6_l.bck,7872,946419321f82cf06,"anim,link_body",-1
Demo07_01.arc,0x00a2,demo07_03link_cut06_bd_what7_o.bck,7680,16d393e7e40480de,"anim,link_body",-1
Demo07_01.arc,0x00a3,demo07_03link_cut06_bd_what8_l.bck,7584,6667d8a7d572f182,"anim,link_body",-1
Demo07_01.arc,0x00a4,demo07_03link_cut06_bd_what9_o.bck,19712,2db8cccd1745e26a,"anim,link_body",-1
Demo07_01.arc,0x00f6,demo07_03link_cut07_bd_escape1_o.bck,28096,d90a4e0a695c93a5,"anim,link_body",-1
Demo07_01.arc,0x00f7,demo07_03link_cut07_bd_escape2_l.bck,4640,9b6ad66df6094f2d,"anim,link_body",-1
Demo07_01.arc,0x0158,demo00_midna_cut00_fc_tmp.bck,736,1f652abf2094438b,"anim,tmp",-1
Demo07_01.arc,0x011d,demo00_midna_cut00_fc_blend.bmd,88672,80d5304750b48e6a,"model,tmp",0
Demo07_01.arc,0x011e,demo00_midna_cut00_fc_tongue.bmd,27680,c53fd3a71f09b81f,"model,tmp",0
Demo07_01.arc,0x011a,demo00_midna_cut00_fc_tmp.bls,201472,5e36b293c5ae2d70,tmp,-1
Demo07_03.arc,0x0036,demo07_tmp_cut23_gp_0_l.bpk,192,4b036ea6d9ca3f4b,"anim,tmp",-1
Demo08_00.arc,0x000d,demo00_midna_cut00_hl_tmp.bck,1088,63c91466e37ee12c,"anim,tmp",-1
Demo08_00.arc,0x000e,demo00_midna_cut00_hr_tmp.bck,1088,20616de6dbdcb5b7,"anim,tmp",-1
Demo08_00.arc,0x0012,demo00_midna_cut01_hl_1_o.bck,1504,891db4a079af040a,"anim,tmp",-1
Demo08_00.arc,0x0013,demo00_midna_cut01_hr_1_o.bck,1504,d0b8a0d90f410543,"anim,tmp",-1
Demo08_00.arc,0x001a,demo00_midna_cut00_fc_tmp.bck,512,18728d8150c3735b,"anim,tmp",-1
Demo08_00.arc,0x000f,demo00_midna_cut00_hl_tmp.bmd,14688,20e807cbbb33738d,"model,tmp",0
Demo08_00.arc,0x0010,demo00_midna_cut00_hr_tmp.bmd,14688,47e3856e59297ea5,"model,tmp",0
Demo08_00.arc,0x001e,demo00_midna_cut00_fc_blend.bmd,88672,80d5304750b48e6a,"model,tmp",0
Demo08_00.arc,0x001f,demo00_midna_cut00_fc_tongue.bmd,27680,c53fd3a71f09b81f,"model,tmp",0
Demo08_00.arc,0x0023,demo00_midna_cut00_fc_tmp.bls,241824,69e13a6ff5e9d6e2,tmp,-1
Demo08_01.arc,0x0047,demo00_midna_cut00_hl_tmp.bck,1088,63c91466e37ee12c,"anim,tmp",-1
Demo08_01.arc,0x0048,demo00_midna_cut00_hr_tmp.bck,1088,20616de6dbdcb5b7,"anim,tmp",-1
Demo08_01.arc,0x0063,demo00_midna_cut00_fc_tmp.bck,928,47a9a053b6eb8ccd,"anim,tmp",-1
Demo08_01.arc,0x0043,demo00_midna_cut00_hl_tmp.bmd,9728,cdbcff72d748def9,"model,tmp",0
Demo08_01.arc,0x0044,demo00_midna_cut00_hr_tmp.bmd,9664,335e9882f76c55f3,"model,tmp",0
Demo08_01.arc,0x0068,demo00_midna_cut00_fc_blend.bmd,88672,80d5304750b48e6a,"model,tmp",0
Demo08_01.arc,0x0069,demo00_midna_cut00_fc_tongue.bmd,27680,c53fd3a71f09b81f,"model,tmp",0
Demo08_01.arc,0x006e,demo00_midna_cut00_fc_tmp.bls,241824,69e13a6ff5e9d6e2,tmp,-1
Demo09_00.arc,0x0032,demo09_link_cut01_bd_walk_o.bck,38752,18ec202efc27df54,"anim,link_body",-1
Demo09_00.arc,0x0034,demo09_link_cut00_bd_loop_l.bck,11488,c53a9aaa0ede7b91,"anim,link_body",-1
Demo09_00.arc,0x0035,demo09_link_cut02_bd_walkstop_o.bck,29632,58bc3c50917db905,"anim,link_body",-1
Demo09_00.arc,0x0036,demo09_link_cut07_bd_hedup_o.bck,5696,1b28962bcfc727c6,"anim,link_body",-1
Demo10_01.arc,0x0091,demo00_midna_cut00_hl_tmp.bck,1088,63c91466e37ee12c,"anim,tmp",-1
Demo10_01.arc,0x0092,demo00_midna_cut00_hr_tmp.bck,1088,20616de6dbdcb5b7,"anim,tmp",-1
Demo10_01.arc,0x00a1,demo00_midna_cut00_fc_tmp.bck,992,93c60038fbbebd76,"anim,tmp",-1
Demo10_01.arc,0x009d,demo00_midna_cut00_hl_tmp.bmd,9728,cdbcff72d748def9,"model,tmp",0
Demo10_01.arc,0x009e,demo00_midna_cut00_hr_tmp.bmd,9664,335e9882f76c55f3,"model,tmp",0
Demo10_01.arc,0x00a5,demo00_midna_cut00_fc_blend.bmd,88672,80d5304750b48e6a,"model,tmp",0
Demo10_01.arc,0x00a6,demo00_midna_cut00_fc_tongue.bmd,27680,c53fd3a71f09b81f,"model,tmp",0
Demo10_01.arc,0x00aa,demo00_midna_cut00_fc_tmp.bls,260736,dbbae519f0d4d937,tmp,-1
Demo11_00.arc,0x0000,demo11_link_cut16_bd_1_o.bck,62624,0a8db77076e20fba,"anim,link_body",-1
Demo11_00.arc,0x0002,demo11_link_cut18_bd_1_l.bck,3712,a966419c484b9361,"anim,link_body",-1
Demo11_00.arc,0x0003,demo11_link_cut23_bd_1_o.bck,9824,c2545be7829aaef1,"anim,link_body",-1
Demo11_00.arc,0x002c,demo11_link_cut01_bd_1_o.bck,6336,6ac2ddf773ae96ea,"anim,link_body",-1
Demo11_00.arc,0x003f,demo00_midna_cut00_fc_tmp.bck,672,821a29b4760b6b01,"anim,tmp",-1
Demo11_00.arc,0x0041,demo00_link_cut00_hd_tmp.bck,3616,67468e347fa31397,"anim,tmp",-1
Demo11_00.arc,0x0052,demo00_link_cut00_hl_tmp.bck,4032,8111b8a9e37066ae,"anim,link_body,tmp",-1
Demo11_00.arc,0x0053,demo00_link_cut00_hr_tmp.bck,3456,546e705a19fd59ce,"anim,tmp",-1
Demo11_00.arc,0x0054,demo11_link_cut16_hl_1_o.bck,5344,a3cbc46aedb6ecba,"anim,link_body",-1
Demo11_00.arc,0x0056,demo11_link_cut23_hl_1_o.bck,4032,8111b8a9e37066ae,"anim,link_body",-1
Demo11_00.arc,0x003c,demo00_midna_cut00_fc_blend.bmd,237792,4fa02d4adfcb4a4a,"model,tmp",0
Demo11_00.arc,0x003d,demo00_midna_cut00_fc_tongue.bmd,151904,e51823c58bd3d9d9,"model,tmp",0
Demo11_00.arc,0x005a,demo00_link_cut00_hl_tmp.bmd,63328,16289a1c6a536007,"link_body,model,tmp",0
Demo11_00.arc,0x005b,demo00_link_cut00_hr_tmp.bmd,53088,dc742ad4c75e6028,"model,tmp",0
Demo11_00.arc,0x0037,demo00_midna_cut00_fc_tmp.btk,416,7443c342d75edce1,"anim,tmp",-1
Demo11_00.arc,0x0034,demo00_midna_cut00_fc_tmp.bls,251584,f8414c72e5bdd559,tmp,-1
Demo14_00.arc,0x0000,demo14_link_cut01_bd_kaoage_o.bck,4288,7db1a0e9526bcb10,"anim,link_body",-1
Demo14_00.arc,0x0001,demo14_link_cut02_bd_seisi_l.bck,3552,849efd6d799cb629,"anim,link_body",-1
Demo14_00.arc,0x0002,demo14_link_cut04_bd_sap_o.bck,9696,757fd2fd11c11642,"anim,link_body",-1
Demo14_00.arc,0x0003,demo14_link_cut07_bd_look1_l.bck,3968,ce9d9390aa6b51dc,"anim,link_body",-1
Demo14_00.arc,0x0004,demo14_link_cut07_bd_look2_o.bck,4736,a05384fd1fc54f26,"anim,link_body",-1
Demo14_00.arc,0x0005,demo14_link_cut07_bd_look3_l.bck,3744,85e8a593e879ca73,"anim,link_body",-1
Demo14_00.arc,0x002d,demo00_midna_cut00_bd_hands.bmd,19808,9590e8a327149572,"model,tmp",0
Demo14_00.arc,0x002e,demo00_midna_cut00_bd_mask.bmd,47936,22ecc5f0b9014be7,"model,tmp",0
Demo14_00.arc,0x002f,demo00_midna_cut00_bd_hairhand.bmd,41728,9c2b60d83ee835e8,"model,tmp",0
Demo14_00.arc,0x0030,demo00_midna_cut00_bd_tmp.bmd,175648,795aa502d796905c,"model,tmp",0
Demo14_01.arc,0x0040,demo14_01link_cut01_bd_walk_o.bck,6880,37ed3b8cab79e4e3,"anim,link_body",-1
Demo14_01.arc,0x0041,demo14_01link_cut04_bd_chilook_o.bck,5440,7ff196c14768483d,"anim,link_body",-1
Demo14_01.arc,0x0043,demo14_01link_cut05_bd_weit_l.bck,4960,292b5ea1a792a2f4,"anim,link_body",-1
Demo14_01.arc,0x0044,demo14_01link_cut05_bd_weit_o.bck,5536,8ca68898f5914ded,"anim,link_body",-1
Demo14_01.arc,0x0045,demo14_01link_cut06_bd_kollook_o.bck,4000,aa392b8d6ad9e2d4,"anim,link_body",-1
Demo14_01.arc,0x0047,demo14_01link_cut08_bd_weit_o.bck,4768,0357c0f566f074da,"anim,link_body",-1
Demo14_01.arc,0x0048,demo14_01link_cut09_bd_lenlook_l.bck,3936,2a9993492110b95b,"anim,link_body",-1
Demo14_01.arc,0x0049,demo14_01link_cut09_bd_lenlook_o.bck,28960,2f7d737ee610cde8,"anim,link_body",-1
Demo14_01.arc,0x004c,demo14_01link_cut14_bd_weit_l.bck,3744,7f21e990f4968246,"anim,link_body",-1
Demo14_01.arc,0x004d,demo14_01link_cut14_bd_weit_o.bck,7552,d206477769a69466,"anim,link_body",-1
Demo14_01.arc,0x00dd,demo14_01link_cut01_bd_01walklook_o.bck,12064,5f180b48464636f2,"anim,link_body",-1
Demo14_01.arc,0x0109,demo00_link_cut00_hd_tmp.bck,1024,77e3eb03b5232acc,"anim,tmp",-1
Demo15_00.arc,0x0016,demo15_rdwb_cut03_gp_1_o.bck,9536,a2f6cef6259dd40f,"anim,beta_cast",-1
Demo15_00.arc,0x0017,demo15_rdwb_cut04_gp_1_o.bck,22016,b66b9ac769a9a451,"anim,beta_cast",-1
Demo15_00.arc,0x0018,demo15_rdwb_cut04_gp_2_o.bck,20416,c3301310f6090510,"anim,beta_cast",-1
Demo15_00.arc,0x0019,demo15_rdwb_cut11_gp_1_o.bck,9120,83fc8c617fba4f4d,"anim,beta_cast",-1
Demo15_00.arc,0x001a,demo15_rdwb_cut11_gp_2_o.bck,11168,bae80cccb42a852e,"anim,beta_cast",-1
Demo15_00.arc,0x0042,demo00_link_cut00_fc_tmp.bck,576,033e859097a802d5,"anim,tmp",-1
Demo15_00.arc,0x0051,demo15_rdwb_cut06_gp_1_o.bck,13280,617958ae2257234b,"anim,beta_cast",-1
Demo15_00.arc,0x0052,demo15_rdwb_cut06_gp_2_o.bck,15360,85f4d5d182cc6e18,"anim,beta_cast",-1
Demo15_00.arc,0x0053,demo15_rdwb_cut25_gp_1_o.bck,11200,b7ac156a9f903358,"anim,beta_cast",-1
Demo15_00.arc,0x0054,demo15_rdwb_cut25_gp_2_o.bck,11072,2f40bbbb6eae3e25,"anim,beta_cast",-1
Demo15_00.arc,0x0069,demo15_rdwb_cut13_gp_1_o.bck,16576,3e9bb99c4f0671d5,"anim,beta_cast",-1
Demo15_00.arc,0x006a,demo15_rdwb_cut13_gp_2_o.bck,12896,1b8a956ca8859bd2,"anim,beta_cast",-1
Demo15_00.arc,0x0071,demo15_link_cut21_bd_1_o.bck,6272,61424dd9e0e2f8d7,"anim,link_body",-1
Demo15_00.arc,0x0073,demo15_link_cut22_bd_1_o.bck,7872,78f295de6046f0b5,"anim,link_body",-1
Demo15_00.arc,0x0081,demo15_link_cut20_bd_1_o.bck,14016,3b88e4a278673b3f,"anim,link_body",-1
Demo15_00.arc,0x0082,demo15_link_cut26_bd_1_o.bck,28864,ad93a0391f59d6ea,"anim,link_body",-1
Demo15_00.arc,0x0034,demo15_rdwb_cut00_gp_1.bmd,137248,3f5bd66686103a74,"beta_cast,model",0
Demo15_00.arc,0x003b,demo00_link_cut00_fc_blend.bmd,74816,7bcdda58a24a38e6,"link_body,model,tmp",0
Demo15_00.arc,0x003c,demo00_link_cut00_fc_tongue.bmd,17248,4e80390601131b04,"model,tmp",0
Demo15_00.arc,0x0078,demo15_link_cut22_fc_1_o.blk,504,71597d988b5b89b8,"anim,link_body",-1
Demo15_00.arc,0x0087,demo15_link_cut26_fc_1_o.blk,768,29ff6fb3e7800c14,"anim,link_body",-1
Demo15_00.arc,0x0040,demo00_link_cut00_fc_tmp.bls,113952,192b17bb732a2b81,"link_body,tmp",-1
Demo16_00.arc,0x000b,demo16_link_cut02_bd_1_o.bck,5344,348c85d0986685b9,"anim,link_body",-1
Demo16_00.arc,0x000d,demo16_link_cut03_bd_1_l.bck,4576,0ce168c7c7f00098,"anim,link_body",-1
Demo16_00.arc,0x000e,demo16_link_cut03_bd_1_o.bck,6976,0de9ca43eacbb2b4,"anim,link_body",-1
Demo16_00.arc,0x0011,demo16_link_cut04_bd_1_o.bck,3040,54d77c59402faec4,"anim,link_body",-1
Demo16_00.arc,0x0013,demo16_link_cut05_bd_1_l.bck,4576,5ef95edb28c4774a,"anim,link_body",-1
Demo16_00.arc,0x0015,demo16_link_cut07_bd_1_l.bck,4416,793880b4ff6d05cb,"anim,link_body",-1
Demo16_00.arc,0x0017,demo16_link_cut07_hl_1_l.bck,1280,6923d59c70dad66f,"anim,link_body",-1
Demo16_00.arc,0x0019,demo16_link_cut10_bd_1_o.bck,14912,3e8309fc683f4c55,"anim,link_body",-1
Demo16_00.arc,0x001b,demo16_link_cut12_bd_1_o.bck,15296,50c32e0dcc379b23,"anim,link_body",-1
Demo16_00.arc,0x001d,demo16_link_cut13_bd_1_o.bck,7072,1cbd064ff4f7f9fc,"anim,link_body",-1
Demo16_00.arc,0x001f,demo16_link_cut18_bd_1_o.bck,6880,ebd515b278d4a586,"anim,link_body",-1
Demo16_00.arc,0x0021,demo16_link_cut19_bd_1_o.bck,4064,59af99589939fd55,"anim,link_body",-1
Demo16_00.arc,0x006c,demo16_link_cut08_bd_1_o.bck,4640,6312111bf805b8c3,"anim,link_body",-1
Demo16_00.arc,0x006d,demo16_link_cut08_bd_2_l.bck,5504,2d2fc4d78b321523,"anim,link_body",-1
Demo16_00.arc,0x006e,demo16_link_cut08_bd_3_o.bck,7232,2c666c55343afbbc,"anim,link_body",-1
Demo16_00.arc,0x006f,demo16_link_cut08_bd_4_l.bck,4768,7f242656a356cd0e,"anim,link_body",-1
Demo16_00.arc,0x0070,demo16_link_cut08_bd_5_o.bck,4960,c25d4409853f61ce,"anim,link_body",-1
Demo16_00.arc,0x0076,demo16_link_cut09_bd_1_o.bck,11488,cb34c39d768016f7,"anim,link_body",-1
Demo16_00.arc,0x0079,demo16_link_cut09_hl_2_l.bck,1280,dc7a6f56e31f1799,"anim,link_body",-1
Demo16_00.arc,0x007a,demo16_link_cut11_bd_1_o.bck,3168,a4c56d738954bd2f,"anim,link_body",-1
Demo16_00.arc,0x007b,demo16_link_cut11_bd_2_l.bck,2976,8ad3807c838ddd13,"anim,link_body",-1
Demo16_00.arc,0x007e,demo16_link_cut14_bd_1_o.bck,2720,fc35df46bd7f4000,"anim,link_body",-1
Demo16_00.arc,0x0080,demo16_link_cut15_bd_1_o.bck,6016,1cd152bb42b97895,"anim,link_body",-1
Demo16_00.arc,0x0082,demo16_link_cut16_bd_1_o.bck,8096,dcd5c76df8496ee3,"anim,link_body",-1
Demo16_00.arc,0x0084,demo16_link_cut17_bd_1_o.bck,5792,7be2f95da4f91550,"anim,link_body",-1
Demo16_00.arc,0x00fe,demo16_link_cut09_bd_2_l.bck,3968,26d92a9def55ee42,"anim,link_body",-1
Demo16_00.arc,0x00ff,demo16_link_cut09_hl_1_o.bck,1344,eff2dd224cb297e5,"anim,link_body",-1
Demo16_00.arc,0x0105,demo16_link_cut03_hl_1_o.bck,1280,7816c0dac81ab5d6,"anim,link_body",-1
Demo16_00.arc,0x0106,demo16_link_cut05_hl_1_o.bck,1280,e81e5b26b3867fb4,"anim,link_body",-1
Demo16_00.arc,0x0107,demo16_link_cut13_hl_1_o.bck,3360,abe7d99fbc9cfb6e,"anim,link_body",-1
Demo16_00.arc,0x010a,demo00_link_cut00_hd_tmp.bck,2592,2ef7402635f07ad9,"anim,tmp",-1
Demo16_00.arc,0x010b,demo16_link_cut03_hl_1_l.bck,1280,e81e5b26b3867fb4,"anim,link_body",-1
Demo16_00.arc,0x010c,demo00_link_cut00_hl_tmp.bck,1280,e81e5b26b3867fb4,"anim,link_body,tmp",-1
Demo16_00.arc,0x010e,demo00_link_cut00_hr_tmp.bck,3712,4e1f6d738929a7bb,"anim,tmp",-1
Demo16_00.arc,0x010f,demo00_link_cut00_hl_tmp.bmd,63328,16289a1c6a536007,"link_body,model,tmp",0
Demo16_00.arc,0x0110,demo00_link_cut00_hr_tmp.bmd,53088,dc742ad4c75e6028,"model,tmp",0
Demo17_00.arc,0x0007,demo17_link_cut06_bd_1_o.bck,14848,bd7bd6a99e52e216,"anim,link_body",-1
Demo17_00.arc,0x0009,demo17_link_cut07_bd_1_o.bck,9632,62424916142a1573,"anim,link_body",-1
Demo17_00.arc,0x000a,demo17_link_cut07_bd_2_l.bck,4128,1e7a2691e6c73ca6,"anim,link_body",-1
Demo17_00.arc,0x000b,demo17_link_cut07_bd_3_o.bck,5248,670ed8fabc82f554,"anim,link_body",-1
Demo17_00.arc,0x000c,demo17_link_cut07_bd_4_l.bck,3136,318449a29d0ccf35,"anim,link_body",-1
Demo17_00.arc,0x000d,demo17_link_cut07_bd_5_o.bck,3584,11b39560ddc25ca7,"anim,link_body",-1
Demo17_00.arc,0x0013,demo17_link_cut07_hl_1_o.bck,2176,3566a8a5b95f2636,"anim,link_body",-1
Demo17_00.arc,0x0014,demo17_link_cut07_hl_2_l.bck,1280,7d59db505fa14394,"anim,link_body",-1
Demo17_00.arc,0x0015,demo17_link_cut07_hl_3_o.bck,1280,63896b52f3c190d0,"anim,link_body",-1
Demo17_00.arc,0x0016,demo17_link_cut07_hl_4_l.bck,1280,7d59db505fa14394,"anim,link_body",-1
Demo17_00.arc,0x0017,demo17_link_cut07_hl_5_o.bck,1280,fc5b2aeb71cda7b0,"anim,link_body",-1
Demo17_00.arc,0x001d,demo17_link_cut11_bd_1_o.bck,5664,640faa1d2775297a,"anim,link_body",-1
Demo17_00.arc,0x001f,demo17_link_cut11_hl_1_o.bck,2496,9c2c2f08725e5b74,"anim,link_body",-1
Demo17_00.arc,0x0021,demo17_link_cut13_bd_1_o.bck,6432,c792c6f69ab201bd,"anim,link_body",-1
Demo17_00.arc,0x0023,demo17_link_cut18_bd_1_o.bck,3488,0fb8b86d3ced3e3b,"anim,link_body",-1
Demo17_00.arc,0x0025,demo17_link_cut20_bd_1_o.bck,3776,00b249a58e6d1ece,"anim,link_body",-1
Demo17_00.arc,0x004e,demo17_blinkbd_cut15_gp_1_l.bck,4928,76e4c9b13dda73da,"anim,link_body",-1
Demo17_00.arc,0x0061,demo17_link_cut01_bd_1_l.bck,3296,4652449204207987,"anim,link_body",-1
Demo17_00.arc,0x0063,demo17_link_cut02_bd_1_l.bck,3296,4652449204207987,"anim,link_body",-1
Demo17_00.arc,0x0065,demo17_link_cut03_bd_1_o.bck,5056,b7e304639732ae1a,"anim,link_body",-1
Demo17_00.arc,0x0067,demo17_link_cut04_bd_1_o.bck,4704,aceca0075a9b656e,"anim,link_body",-1
Demo17_00.arc,0x0069,demo17_link_cut09_bd_1_l.bck,3040,e5564a9de753b92b,"anim,link_body",-1
Demo17_00.arc,0x006a,demo17_link_cut09_bd_2_o.bck,3072,f8da712eacd1588d,"anim,link_body",-1
Demo17_00.arc,0x006d,demo17_link_cut10_bd_1_l.bck,4160,acff89179bb64a92,"anim,link_body",-1
Demo17_00.arc,0x006e,demo17_link_cut10_hl_1_l.bck,1280,94d54da5bc655817,"anim,link_body",-1
Demo17_00.arc,0x006f,demo17_link_cut14_bd_1_l.bck,9376,c3fbcdf59908c124,"anim,link_body",-1
Demo17_00.arc,0x0071,demo17_link_cut16_bd_1_l.bck,4512,4fce0653e5233782,"anim,link_body",-1
Demo17_00.arc,0x0072,demo17_link_cut16_bd_2_o.bck,4416,1177a384e851d914,"anim,link_body",-1
Demo17_00.arc,0x0075,demo17_link_cut19_bd_21_o.bck,3872,9a3942ee2886f3c2,"anim,link_body",-1
Demo17_00.arc,0x00ee,demo00_link_cut00_hd_tmp.bck,1248,6ecf69497864d7f8,"anim,tmp",-1
Demo17_00.arc,0x00f2,demo17_link_cut18_bd_0_l.bck,3520,2181ea59114a2fd2,"anim,link_body",-1
Demo17_00.arc,0x00f4,demo17_link_cut20_bd_0_l.bck,3008,404d011aed43810c,"anim,link_body",-1
Demo17_00.arc,0x00fd,demo00_link_cut00_hl_tmp.bck,1280,fc5b2aeb71cda7b0,"anim,link_body,tmp",-1
Demo17_00.arc,0x00fe,demo00_link_cut00_hr_tmp.bck,1280,b0c8c4ab0c0b741d,"anim,tmp",-1
Demo17_00.arc,0x00ff,demo00_link_cut00_hl_tmp.bmd,63328,16289a1c6a536007,"link_body,model,tmp",0
Demo17_00.arc,0x0100,demo00_link_cut00_hr_tmp.bmd,53088,dc742ad4c75e6028,"model,tmp",0
Demo18_00.arc,0x00a7,demo00_midna_cut00_bd_hands.bmd,19808,9590e8a327149572,"model,tmp",0
Demo18_00.arc,0x00a8,demo00_midna_cut00_bd_mask.bmd,47936,22ecc5f0b9014be7,"model,tmp",0
Demo18_00.arc,0x00a9,demo00_midna_cut00_hl_tmp.bmd,9728,bc7411b2b2bfed21,"model,tmp",0
Demo18_00.arc,0x00aa,demo00_midna_cut00_hr_tmp.bmd,9664,ae4b3e92eb0b2ec3,"model,tmp",0
Demo18_00.arc,0x00ad,demo00_link_cut00_fc_blend.bmd,163872,355363edefc034aa,"link_body,model,tmp",0
Demo18_00.arc,0x00ae,demo00_link_cut00_fc_tongue.bmd,19872,8619840ea5a229c5,"model,tmp",0
Demo18_00.arc,0x0020,demo18_link_cut06_bd_1_o.bck,2368,80543f299df4bab7,"anim,link_body",-1
Demo18_00.arc,0x0022,demo18_link_cut15_bd_1_o.bck,18592,fee9eb060d894eca,"anim,link_body",-1
Demo18_00.arc,0x0023,demo18_link_cut19_bd_1_o.bck,4576,4816d0c96064cdce,"anim,link_body",-1
Demo18_00.arc,0x0025,demo18_link_cut20_bd_1_o.bck,7488,537126706b6162f9,"anim,link_body",-1
Demo18_00.arc,0x0026,demo18_link_cut21_bd_1_o.bck,16352,98b85d973444e933,"anim,link_body",-1
Demo18_00.arc,0x0028,demo18_link_cut22_bd_1_o.bck,8800,1676057b309b5b86,"anim,link_body",-1
Demo18_00.arc,0x002a,demo18_link_cut23_bd_1_o.bck,16672,938417a0de50fe6d,"anim,link_body",-1
Demo18_00.arc,0x002b,demo18_link_cut24_bd_1_o.bck,34016,a1173b0aec4d0a8a,"anim,link_body",-1
Demo18_00.arc,0x002d,demo18_link_cut27_bd_1_o.bck,4032,3614ad43ed58c5be,"anim,link_body",-1
Demo18_00.arc,0x002f,demo18_link_cut28_bd_1_o.bck,4192,f04032ca13df251c,"anim,link_body",-1
Demo18_00.arc,0x0031,demo18_link_cut30_bd_1_o.bck,16352,94996b58fe3dfcb7,"anim,link_body",-1
Demo18_00.arc,0x0033,demo18_link_cut31_bd_1_o.bck,10688,b1eb14ebc97957f5,"anim,link_body",-1
Demo18_00.arc,0x0034,demo18_link_cut32_bd_1_o.bck,6848,90b58aa37ba3c655,"anim,link_body",-1
Demo18_00.arc,0x008d,demo18_link_cut02_bd_1_o.bck,13888,2f1e2d4e7bcd0861,"anim,link_body",-1
Demo18_00.arc,0x008e,demo18_link_cut04_bd_1_o.bck,21632,d700a3d8b7bee767,"anim,link_body",-1
Demo18_00.arc,0x008f,demo18_link_cut05_bd_1_o.bck,3904,69db79ca167b6ca1,"anim,link_body",-1
Demo18_00.arc,0x0090,demo18_link_cut25_bd_1_o.bck,7392,b884e6ee6a03b9d9,"anim,link_body",-1
Demo18_00.arc,0x00af,demo00_link_cut00_fc_tmp.bck,1152,7fce0399d62a2b63,"anim,tmp",-1
Demo18_00.arc,0x00b1,demo00_midna_cut00_hl_tmp.bck,2752,da84a949916ae115,"anim,tmp",-1
Demo18_00.arc,0x00b2,demo00_midna_cut00_hr_tmp.bck,2944,063ef00223f34fe1,"anim,tmp",-1
Demo18_00.arc,0x00bf,demo00_link_cut00_hd_tmp.bck,6208,631cf7bf0536ccce,"anim,tmp",-1
Demo18_00.arc,0x00a4,demo18_link_cut25_fc_1_o.blk,648,b748bae239824ce7,"anim,link_body",-1
Demo18_00.arc,0x00ab,demo00_midna_cut00_bd_hairhand.bmd,41728,9c2b60d83ee835e8,"model,tmp",0
Demo18_00.arc,0x00ac,demo00_midna_cut00_bd_tmp.bmd,175648,795aa502d796905c,"model,tmp",0
Demo18_00.arc,0x00b0,demo00_link_cut00_fc_tmp.bls,30336,2ddbae11d42ec9cd,"link_body,tmp",-1
Demo19_01.arc,0x0001,demo19_link_cut03_bd_1_o.bck,3616,979a92bbeb2c9ab4,"anim,link_body",-1
Demo19_01.arc,0x0003,demo19_link_cut05_bd_1_o.bck,12448,48d7271e715b6cd9,"anim,link_body",-1
Demo19_01.arc,0x0004,demo19_link_cut05_bd_2_o.bck,11296,44d1b96a93f08f2c,"anim,link_body",-1
Demo19_01.arc,0x0006,demo19_link_cut07_bd_1_o.bck,12672,05bd918657baaa70,"anim,link_body",-1
Demo19_01.arc,0x0020,demo19_link_cut01_bd_1_l.bck,11392,31c522fb62e51ad5,"anim,link_body",-1
Demo19_01.arc,0x0021,demo19_link_cut01_bd_2_o.bck,10880,404043e9f3993f7e,"anim,link_body",-1
Demo19_01.arc,0x0024,demo19_link_cut21_bd_1_o.bck,4768,1934fa692d6087d8,"anim,link_body",-1
Demo19_01.arc,0x0026,demo19_link_cut22_bd_1_l.bck,4288,2b06a4ad1f78eb60,"anim,link_body",-1
Demo19_01.arc,0x0028,demo19_link_cut24_bd_1_l.bck,3872,8e34e6b5f2f35b1e,"anim,link_body",-1
Demo19_01.arc,0x002a,demo19_link_cut26_bd_1_l.bck,5152,7f85832a240f80f7,"anim,link_body",-1
Demo19_01.arc,0x002c,demo19_link_cut27_bd_1_l.bck,7360,cc28e9b8690890a8,"anim,link_body",-1
Demo19_01.arc,0x002d,demo19_link_cut28_bd_1_l.bck,4608,8cc54fc731be73e2,"anim,link_body",-1
Demo19_01.arc,0x002e,demo19_link_cut28_bd_2_o.bck,4512,411852c67ee2d343,"anim,link_body",-1
Demo19_01.arc,0x002f,demo19_link_cut28_bd_3_l.bck,4256,d807c280f9234766,"anim,link_body",-1
Demo19_01.arc,0x0033,demo19_link_cut30_bd_1_o.bck,7968,d57099a20c00ef72,"anim,link_body",-1
Demo19_01.arc,0x0034,demo19_link_cut30_bd_2_l.bck,5760,59647ca9ffe85fa3,"anim,link_body",-1
Demo19_01.arc,0x00bd,demo00_link_cut00_hd_tmp.bck,3040,ef0eae09b979fdc5,"anim,tmp",-1
Demo19_02.arc,0x0005,demo19_link_cut01_bd_1_l.bck,6432,6750104ae4a3bb69,"anim,link_body",-1
Demo19_02.arc,0x0006,demo19_link_cut06_bd_1_o.bck,10816,080e77c1167725b3,"anim,link_body",-1
Demo19_02.arc,0x0007,demo19_link_cut07_bd_1_o.bck,5792,344b6e4d2d9288f1,"anim,link_body",-1
Demo19_02.arc,0x000a,demo19_link_cut12_bd_1_o.bck,4640,59edaae2897de8b7,"anim,link_body",-1
Demo19_02.arc,0x0029,demo19_link_cut05_bd_1_o.bck,4992,cdb8e5e376735cbf,"anim,link_body",-1
Demo19_02.arc,0x002a,demo19_link_cut05_bd_2_o.bck,4992,86d4d71c34c8776d,"anim,link_body",-1
Demo19_02.arc,0x002d,demo19_link_cut10_bd_1_l.bck,5216,73595cc339f0090c,"anim,link_body",-1
Demo19_02.arc,0x004e,demo00_link_cut00_hd_tmp.bck,2944,95c4a79c53201f85,"anim,tmp",-1
Demo20_01.arc,0x0001,demo20_link_cut03_bd_1_o.bck,19232,feb1dce4b7016b2a,"anim,link_body",-1
Demo20_01.arc,0x001c,demo20_link_cut05_bd_1_l.bck,4320,7c1eae926c9713e4,"anim,link_body",-1
Demo20_01.arc,0x001d,demo20_link_cut06_bd_1_o.bck,11392,ee219a391195e500,"anim,link_body",-1
Demo20_01.arc,0x001f,demo20_link_cut08_bd_1_o.bck,7904,55277de4212e202a,"anim,link_body",-1
Demo20_01.arc,0x0020,demo20_link_cut13_bd_1_o.bck,3072,5ad9af5e7dae962a,"anim,link_body",-1
Demo20_01.arc,0x00ad,demo00_midna_cut00_fc_tmp.bck,3872,53c0679f14b4886f,"anim,tmp",-1
Demo20_01.arc,0x00c1,demo00_link_cut00_hd_tmp.bck,3584,822a2efa346f6c21,"anim,tmp",-1
Demo20_01.arc,0x00c6,demo00_midna_cut00_hl_tmp.bck,1088,735675831a35e570,"anim,tmp",-1
Demo20_01.arc,0x00c7,demo00_midna_cut00_hr_tmp.bck,2336,d062c7f8e3b39e6b,"anim,tmp",-1
Demo20_01.arc,0x00a9,demo00_midna_cut00_fc_blend.bmd,88672,80d5304750b48e6a,"model,tmp",0
Demo20_01.arc,0x00aa,demo00_midna_cut00_fc_tongue.bmd,27680,c53fd3a71f09b81f,"model,tmp",0
Demo20_01.arc,0x00bd,demo00_midna_cut00_bd_hands.bmd,19808,9590e8a327149572,"model,tmp",0
Demo20_01.arc,0x00be,demo00_midna_cut00_bd_mask.bmd,47936,22ecc5f0b9014be7,"model,tmp",0
Demo20_01.arc,0x00cc,demo00_midna_cut00_hl_tmp.bmd,9728,cdbcff72d748def9,"model,tmp",0
Demo20_01.arc,0x00cd,demo00_midna_cut00_hr_tmp.bmd,9664,335e9882f76c55f3,"model,tmp",0
Demo20_01.arc,0x00ae,demo00_midna_cut00_fc_tmp.bls,261888,401ac37879532704,tmp,-1
Demo20_01.arc,0x00bf,demo00_midna_cut00_bd_hairhand.bmd,41728,9c2b60d83ee835e8,"model,tmp",0
Demo20_01.arc,0x00c0,demo00_midna_cut00_bd_tmp.bmd,175648,4891b20922690e78,"model,tmp",0
Demo20_02.arc,0x002a,demo00_midna_cut00_hd_tmp.bck,288,0046f164dee4515b,"anim,tmp",-1
Demo20_02.arc,0x002b,demo00_midna_cut00_hd_tmp.bmd,29568,fc8058e28ca76399,"model,tmp",0
Demo21_00.arc,0x009a,demo00_midna_cut00_fc_tmp.bck,736,14f9814d5a415a32,"anim,tmp",-1
Demo21_00.arc,0x00aa,demo00_midna_cut00_fc_blend.bmd,54112,ee5fce5b3260d194,"model,tmp",0
Demo21_00.arc,0x00ab,demo00_midna_cut00_fc_tongue.bmd,27680,c53fd3a71f09b81f,"model,tmp",0
Demo21_00.arc,0x00cc,demo00_midna_cut00_bd_hands.bmd,19808,9590e8a327149572,"model,tmp",0
Demo21_00.arc,0x00cd,demo00_midna_cut00_bd_mask.bmd,47936,22ecc5f0b9014be7,"model,tmp",0
Demo21_00.arc,0x00c3,demo00_midna_cut00_fc_off_o.brk,384,062286de781620ab,"anim,tmp",-1
Demo21_00.arc,0x00c4,demo00_midna_cut00_fc_on_o.brk,320,29be6c332080ba31,"anim,tmp",-1
Demo21_00.arc,0x00bb,demo00_midna_cut00_fc_tmp.bls,207136,79a5aa8eb0599d37,tmp,-1
Demo21_00.arc,0x00ce,demo00_midna_cut00_bd_hairhand.bmd,41728,9c2b60d83ee835e8,"model,tmp",0
Demo21_00.arc,0x00cf,demo00_midna_cut00_bd_tmp.bmd,175648,795aa502d796905c,"model,tmp",0
Demo21_02.arc,0x000a,demo00_midna_cut00_fc_tmp.bck,512,9a0190e2b1da5715,"anim,tmp",-1
Demo21_02.arc,0x000b,demo00_midna_cut00_hl_tmp.bck,1088,8eb0c5925affa0ba,"anim,tmp",-1
Demo21_02.arc,0x000c,demo00_midna_cut00_hr_tmp.bck,1088,ad328dab51c514d6,"anim,tmp",-1
Demo21_02.arc,0x000d,demo21_link_cut01_bd_1_l.bck,4416,baa6a2169a487dc1,"anim,link_body",-1
Demo21_02.arc,0x000e,demo21_link_cut02_bd_1_o.bck,18112,8959744a9c227a19,"anim,link_body",-1
Demo21_02.arc,0x001d,demo00_midna_cut00_fc_tmp.bls,242752,0cd1e9535457f2ff,tmp,-1
Demo21_02.arc,0x0020,demo00_midna_cut00_bd_hands.bmd,19808,9590e8a327149572,"model,tmp",0
Demo21_02.arc,0x0021,demo00_midna_cut00_bd_mask.bmd,47936,22ecc5f0b9014be7,"model,tmp",0
Demo21_02.arc,0x0022,demo00_midna_cut00_fc_blend.bmd,88672,80d5304750b48e6a,"model,tmp",0
Demo21_02.arc,0x0023,demo00_midna_cut00_fc_tongue.bmd,27680,c53fd3a71f09b81f,"model,tmp",0
Demo21_02.arc,0x0024,demo00_midna_cut00_hl_tmp.bmd,9728,cdbcff72d748def9,"model,tmp",0
Demo21_02.arc,0x0025,demo00_midna_cut00_hr_tmp.bmd,9664,335e9882f76c55f3,"model,tmp",0
Demo21_02.arc,0x0028,demo00_midna_cut00_bd_hairhand.bmd,41728,9c2b60d83ee835e8,"model,tmp",0
Demo21_02.arc,0x0029,demo00_midna_cut00_bd_tmp.bmd,175648,795aa502d796905c,"model,tmp",0
Demo22_01.arc,0x004f,demo00_midna_cut00_hl_tmp.bck,1152,1fe5147bf3a62d58,"anim,tmp",-1
Demo22_01.arc,0x0050,demo00_midna_cut00_hr_tmp.bck,1152,85b6bceb4e64562a,"anim,tmp",-1
Demo22_01.arc,0x0061,demo22_link_cut08_bd_1_o.bck,9728,0f0b6a2884b92c58,"anim,link_body",-1
Demo22_01.arc,0x0063,demo22_link_cut08_hl_1_o.bck,1280,2bcdb44b806c4321,"anim,link_body",-1
Demo22_01.arc,0x0065,demo22_link_cut10_bd_1_o.bck,27296,9eb77b1515b138e1,"anim,link_body",-1
Demo22_01.arc,0x0067,demo22_link_cut10_hl_1_o.bck,1280,5776d4239016cf71,"anim,link_body",-1
Demo22_01.arc,0x007c,demo22_link_cut00_hl_tmp.bck,1280,2bcdb44b806c4321,"anim,link_body,tmp",-1
Demo22_01.arc,0x007d,demo22_link_cut00_hr_tmp.bck,3648,773031f3fa42951f,"anim,tmp",-1
Demo22_01.arc,0x0080,demo00_link_cut00_hl_tmp.bck,1280,2bcdb44b806c4321,"anim,link_body,tmp",-1
Demo22_01.arc,0x0081,demo00_link_cut00_hr_tmp.bck,3648,773031f3fa42951f,"anim,tmp",-1
Demo22_01.arc,0x0084,demo00_midna_cut00_fc_tmp.bck,512,e7ab89bb730fa911,"anim,tmp",-1
Demo22_01.arc,0x008f,demo00_link_cut00_hd_tmp.bck,992,2018ec7f900a6e59,"anim,tmp",-1
Demo22_01.arc,0x004c,demo00_midna_cut00_bd_hands.bmd,19808,9590e8a327149572,"model,tmp",0
Demo22_01.arc,0x004d,demo00_midna_cut00_bd_mask.bmd,47936,22ecc5f0b9014be7,"model,tmp",0
Demo22_01.arc,0x0051,demo00_midna_cut00_hl_tmp.bmd,9728,cdbcff72d748def9,"model,tmp",0
Demo22_01.arc,0x0052,demo00_midna_cut00_hr_tmp.bmd,9664,335e9882f76c55f3,"model,tmp",0
Demo22_01.arc,0x006d,demo00_midna_cut00_fc_blend.bmd,113248,5f53ba88fbaa8b69,"model,tmp",0
Demo22_01.arc,0x006e,demo00_midna_cut00_fc_tongue.bmd,27680,c53fd3a71f09b81f,"model,tmp",0
Demo22_01.arc,0x0082,demo00_link_cut00_hl_tmp.bmd,63328,16289a1c6a536007,"link_body,model,tmp",0
Demo22_01.arc,0x0083,demo00_link_cut00_hr_tmp.bmd,53088,dc742ad4c75e6028,"model,tmp",0
Demo22_01.arc,0x004a,demo00_midna_cut00_bd_tmp.bmd,175648,795aa502d796905c,"model,tmp",0
Demo22_01.arc,0x004e,demo00_midna_cut00_bd_hairhand.bmd,41728,9c2b60d83ee835e8,"model,tmp",0
Demo22_01.arc,0x007b,demo00_midna_cut00_fc_tmp.bls,266336,e75cca6dd77a7ed5,tmp,-1
Demo22_02.arc,0x0009,demo22_link_cut01_bd_1_o.bck,4800,6f286710a53bc1df,"anim,link_body",-1
Demo22_02.arc,0x000b,demo22_link_cut03_bd_1_o.bck,4832,4fc3f9ae609b3f71,"anim,link_body",-1
Demo22_02.arc,0x000c,demo22_link_cut03_bd_2_l.bck,3872,83587f3209149a61,"anim,link_body",-1
Demo22_02.arc,0x000f,demo22_link_cut05_bd_1_o.bck,3392,b242a713b6cb6cff,"anim,link_body",-1
Demo22_02.arc,0x0010,demo22_link_cut05_bd_2_l.bck,3392,b4e246ba8e9e99c3,"anim,link_body",-1
Demo22_02.arc,0x0013,demo22_link_cut06_bd_1_o.bck,6752,8e218a80266818a5,"anim,link_body",-1
Demo22_02.arc,0x0014,demo22_link_cut06_bd_2_l.bck,3104,1222d518daa6c689,"anim,link_body",-1
Demo22_02.arc,0x0015,demo22_link_cut06_bd_3_o.bck,3200,cbb1077b005df262,"anim,link_body",-1
Demo22_02.arc,0x0016,demo22_link_cut06_bd_4_l.bck,3136,9b7a9f166ec8ef8e,"anim,link_body",-1
Demo22_02.arc,0x0017,demo22_link_cut06_bd_5_o.bck,3104,f86d752c8a683e30,"anim,link_body",-1
Demo22_02.arc,0x0018,demo22_link_cut06_bd_6_l.bck,3168,535cf727bb198542,"anim,link_body",-1
Demo22_02.arc,0x0019,demo22_link_cut06_bd_7_o.bck,3232,93d9be51cad841f4,"anim,link_body",-1
Demo22_02.arc,0x0021,demo22_link_cut07_bd_1_o.bck,8960,33ccb9bee0a2a939,"anim,link_body",-1
Demo22_02.arc,0x0023,demo22_link_cut08_bd_1_o.bck,9088,515aea3480f622d4,"anim,link_body",-1
Demo22_02.arc,0x007b,demo00_midna_cut00_hl_tmp.bck,1152,1fe5147bf3a62d58,"anim,tmp",-1
Demo22_02.arc,0x007c,demo00_midna_cut00_hr_tmp.bck,1152,85b6bceb4e64562a,"anim,tmp",-1
Demo22_02.arc,0x00b5,demo00_midna_cut00_fc_tmp.bck,512,e7ab89bb730fa911,"anim,tmp",-1
Demo22_02.arc,0x00bf,demo00_link_cut00_hd_tmp.bck,992,2018ec7f900a6e59,"anim,tmp",-1
Demo22_02.arc,0x0077,demo00_midna_cut00_bd_hands.bmd,19808,9590e8a327149572,"model,tmp",0
Demo22_02.arc,0x0078,demo00_midna_cut00_bd_mask.bmd,47936,22ecc5f0b9014be7,"model,tmp",0
Demo22_02.arc,0x007d,demo00_midna_cut00_hl_tmp.bmd,9728,cdbcff72d748def9,"model,tmp",0
Demo22_02.arc,0x007e,demo00_midna_cut00_hr_tmp.bmd,9664,335e9882f76c55f3,"model,tmp",0
Demo22_02.arc,0x00b3,demo00_midna_cut00_fc_blend.bmd,113248,5f53ba88fbaa8b69,"model,tmp",0
Demo22_02.arc,0x00b4,demo00_midna_cut00_fc_tongue.bmd,27680,c53fd3a71f09b81f,"model,tmp",0
Demo22_02.arc,0x0079,demo00_midna_cut00_bd_hairhand.bmd,41728,9c2b60d83ee835e8,"model,tmp",0
Demo22_02.arc,0x007a,demo00_midna_cut00_bd_tmp.bmd,175648,795aa502d796905c,"model,tmp",0
Demo22_02.arc,0x00b2,demo00_midna_cut00_fc_tmp.bls,266336,e75cca6dd77a7ed5,tmp,-1
Demo23_01.arc,0x0000,demo23_link_cut01_bd_1_o.bck,15616,217f6545fe175e34,"anim,link_body",-1
Demo23_01.arc,0x0001,demo23_link_cut01_bd_2_l.bck,2784,17509d4110600ea7,"anim,link_body",-1
Demo23_01.arc,0x0002,demo23_link_cut01_bd_3_o.bck,4192,42a12f762173ce23,"anim,link_body",-1
Demo23_01.arc,0x0007,demo23_link_cut02_bd_1_o.bck,7936,f99eae23091c47a7,"anim,link_body",-1
Demo23_01.arc,0x0008,demo23_link_cut02_bd_2_l.bck,4544,15feacd69e07327b,"anim,link_body",-1
Demo23_01.arc,0x000d,demo23_link_cut03_bd_1_o.bck,3424,5e3de1e683fe79b6,"anim,link_body",-1
Demo23_01.arc,0x000e,demo23_link_cut03_bd_2_l.bck,3456,681365648c5de6b2,"anim,link_body",-1
Demo23_01.arc,0x0034,demo00_midna_cut00_fc_tmp.bck,608,1f6d3b37cc23c7fb,"anim,tmp",-1
Demo23_01.arc,0x0035,demo00_link_cut00_hd_tmp.bck,1856,42f561084080c3c4,"anim,tmp",-1
Demo23_01.arc,0x0021,demo00_midna_cut00_bd_hands.bmd,19808,9590e8a327149572,"model,tmp",0
Demo23_01.arc,0x0022,demo00_midna_cut00_bd_mask.bmd,47936,22ecc5f0b9014be7,"model,tmp",0
Demo23_01.arc,0x0032,demo00_midna_cut00_fc_blend.bmd,633472,c3293d1e81abdf0c,"model,tmp",0
Demo23_01.arc,0x0033,demo00_midna_cut00_fc_tongue.bmd,545184,b6281f39855d5855,"model,tmp",0
Demo23_01.arc,0x0023,demo00_midna_cut00_bd_hairhand.bmd,41728,9c2b60d83ee835e8,"model,tmp",0
Demo23_01.arc,0x0024,demo00_midna_cut00_bd_tmp.bmd,175648,795aa502d796905c,"model,tmp",0
Demo23_01.arc,0x0031,demo00_midna_cut00_fc_tmp.bls,265088,fcf2ce9097bad04f,tmp,-1
Demo23_03.arc,0x0000,demo23_link_cut02_bd_1_o.bck,3296,9a91dae4467b7ce1,"anim,link_body",-1
Demo23_03.arc,0x0001,demo23_link_cut02_bd_2_l.bck,3360,b7755ac068265434,"anim,link_body",-1
Demo23_03.arc,0x0021,demo00_midna_cut00_fc_tmp.bck,736,23e263400d07dc28,"anim,tmp",-1
Demo23_03.arc,0x0022,demo00_link_cut00_hd_tmp.bck,1120,f98d1df8ea0db326,"anim,tmp",-1
Demo23_03.arc,0x000e,demo00_midna_cut00_bd_hands.bmd,19808,9590e8a327149572,"model,tmp",0
Demo23_03.arc,0x000f,demo00_midna_cut00_bd_mask.bmd,47936,22ecc5f0b9014be7,"model,tmp",0
Demo23_03.arc,0x001f,demo00_midna_cut00_fc_blend.bmd,633472,c3293d1e81abdf0c,"model,tmp",0
Demo23_03.arc,0x0020,demo00_midna_cut00_fc_tongue.bmd,545184,b6281f39855d5855,"model,tmp",0
Demo23_03.arc,0x0010,demo00_midna_cut00_bd_hairhand.bmd,41728,9c2b60d83ee835e8,"model,tmp",0
Demo23_03.arc,0x0011,demo00_midna_cut00_bd_tmp.bmd,175648,795aa502d796905c,"model,tmp",0
Demo23_03.arc,0x001e,demo00_midna_cut00_fc_tmp.bls,265088,fcf2ce9097bad04f,tmp,-1
Demo23_04.arc,0x0014,demo11_link_cut01_bd_1_o.bck,6496,4f3c6a9558281d8f,"anim,link_body",-1
Demo23_06.arc,0x0000,demo23_link_cut01_bd_1_l.bck,3488,4dd8c142c0765896,"anim,link_body",-1
Demo23_06.arc,0x0005,demo23_link_cut02_bd_1_o.bck,3424,7a7fdd8cd8ebf47b,"anim,link_body",-1
Demo23_06.arc,0x0006,demo23_link_cut02_bd_2_l.bck,3456,954abede9279f5d8,"anim,link_body",-1
Demo23_06.arc,0x0009,demo23_link_cut03_bd_1_o.bck,3424,d6e86e4e845b90c9,"anim,link_body",-1
Demo23_06.arc,0x000a,demo23_link_cut03_bd_2_l.bck,3456,f3741953f3229e42,"anim,link_body",-1
Demo23_06.arc,0x000b,demo23_link_cut03_bd_3_o.bck,4000,c7516f4e0e363f67,"anim,link_body",-1
Demo23_06.arc,0x0012,demo23_link_cut04_bd_1_o.bck,3680,e9172fbd6ee92197,"anim,link_body",-1
Demo23_06.arc,0x0031,demo00_midna_cut00_hl_tmp.bck,1088,8851d30ba917ba6e,"anim,tmp",-1
Demo23_06.arc,0x0032,demo00_midna_cut00_hr_tmp.bck,1152,1fd0512eb4154284,"anim,tmp",-1
Demo23_06.arc,0x003e,demo00_midna_cut00_fc_tmp.bck,512,125eea5ed92a1328,"anim,tmp",-1
Demo23_06.arc,0x003f,demo00_link_cut00_hd_tmp.bck,1600,9d94e59a255c5029,"anim,tmp",-1
Demo23_06.arc,0x002d,demo00_midna_cut00_bd_hands.bmd,19808,9590e8a327149572,"model,tmp",0
Demo23_06.arc,0x002e,demo00_midna_cut00_bd_mask.bmd,47936,22ecc5f0b9014be7,"model,tmp",0
Demo23_06.arc,0x0033,demo00_midna_cut00_hl_tmp.bmd,9728,cdbcff72d748def9,"model,tmp",0
Demo23_06.arc,0x0034,demo00_midna_cut00_hr_tmp.bmd,9664,335e9882f76c55f3,"model,tmp",0
Demo23_06.arc,0x003c,demo00_midna_cut00_fc_blend.bmd,633472,c3293d1e81abdf0c,"model,tmp",0
Demo23_06.arc,0x003d,demo00_midna_cut00_fc_tongue.bmd,545184,b6281f39855d5855,"model,tmp",0
Demo23_06.arc,0x002f,demo00_midna_cut00_bd_hairhand.bmd,41728,9c2b60d83ee835e8,"model,tmp",0
Demo23_06.arc,0x0030,demo00_midna_cut00_bd_tmp.bmd,175648,795aa502d796905c,"model,tmp",0
Demo23_06.arc,0x003b,demo00_midna_cut00_fc_tmp.bls,265088,fcf2ce9097bad04f,tmp,-1
Demo24_01.arc,0x000b,demo24_link_cut01_bd_1_l.bck,3136,3ae92353c19cc03b,"anim,link_body",-1
Demo24_01.arc,0x000c,demo24_link_cut02_bd_1_o.bck,20512,a70ac33dcfa065ed,"anim,link_body",-1
Demo24_01.arc,0x000d,demo24_link_cut04_bd_1_o.bck,3136,3ae92353c19cc03b,"anim,link_body",-1
Demo24_01.arc,0x000e,demo24_link_cut06_bd_1_l.bck,3232,266a7ffd12a4aae9,"anim,link_body",-1
Demo24_01.arc,0x000f,demo24_link_cut08_bd_1_o.bck,7872,eb33940fbe331132,"anim,link_body",-1
Demo24_01.arc,0x0010,demo24_link_cut08_bd_2_o.bck,18336,54ec80cff3b2614f,"anim,link_body",-1
Demo24_01.arc,0x0036,demo00_midna_cut00_fc_tmp.bck,1024,435f17f62157d806,"anim,tmp",-1
Demo24_01.arc,0x0059,demo00_link_cut00_hd_tmp.bck,1024,6887bed60ea0bb38,"anim,tmp",-1
Demo24_01.arc,0x002f,demo00_midna_cut00_bd_hands.bmd,19808,9590e8a327149572,"model,tmp",0
Demo24_01.arc,0x0030,demo00_midna_cut00_bd_mask.bmd,47936,22ecc5f0b9014be7,"model,tmp",0
Demo24_01.arc,0x0031,demo00_midna_cut00_fc_blend.bmd,88672,80d5304750b48e6a,"model,tmp",0
Demo24_01.arc,0x0032,demo00_midna_cut00_fc_tongue.bmd,27680,c53fd3a71f09b81f,"model,tmp",0
Demo24_01.arc,0x0034,demo00_midna_cut00_bd_hairhand.bmd,41728,9c2b60d83ee835e8,"model,tmp",0
Demo24_01.arc,0x0035,demo00_midna_cut00_bd_tmp.bmd,175648,795aa502d796905c,"model,tmp",0
Demo24_01.arc,0x0037,demo00_midna_cut00_fc_tmp.bls,229792,fbb4b4ca9ca742d9,tmp,-1
Demo24_02.arc,0x003a,demo00_midna_cut00_hl_tmp.bck,8768,6085ac5d1a865252,"anim,tmp",-1
Demo24_02.arc,0x003b,demo00_midna_cut00_hr_tmp.bck,8064,d581d8c8db2d53ac,"anim,tmp",-1
Demo24_02.arc,0x001f,demo00_midna_cut00_fc_tmp.bls,241632,3c62a79e5bcfba94,tmp,-1
Demo24_02.arc,0x0022,demo00_midna_cut00_bd_hands.bmd,19808,9590e8a327149572,"model,tmp",0
Demo24_02.arc,0x0023,demo00_midna_cut00_bd_mask.bmd,47936,22ecc5f0b9014be7,"model,tmp",0
Demo24_02.arc,0x0024,demo00_midna_cut00_fc_blend.bmd,88672,80d5304750b48e6a,"model,tmp",0
Demo24_02.arc,0x0025,demo00_midna_cut00_fc_tongue.bmd,27680,c53fd3a71f09b81f,"model,tmp",0
Demo24_02.arc,0x0026,demo00_midna_cut00_hl_tmp.bmd,9728,cdbcff72d748def9,"model,tmp",0
Demo24_02.arc,0x0027,demo00_midna_cut00_hr_tmp.bmd,9664,335e9882f76c55f3,"model,tmp",0
Demo24_02.arc,0x002c,demo00_midna_cut00_bd_hairhand.bmd,41728,9c2b60d83ee835e8,"model,tmp",0
Demo24_02.arc,0x002d,demo00_midna_cut00_bd_tmp.bmd,171936,e942d9fa1caa0d8e,"model,tmp",0
Demo24_03.arc,0x000e,demo00_midna_cut00_fc_tmp.bck,512,2fabf78df04d83b3,"anim,tmp",-1
Demo24_03.arc,0x0015,demo00_midna_cut00_hr_tmp.bck,1312,970c6dfe5f38a94d,"anim,tmp",-1
Demo24_03.arc,0x001b,demo24_link_cut00_bd_1_o.bck,11584,40e5eed64966103d,"anim,link_body",-1
Demo24_03.arc,0x000f,demo00_midna_cut00_bd_hands.bmd,19808,9590e8a327149572,"model,tmp",0
Demo24_03.arc,0x0010,demo00_midna_cut00_bd_mask.bmd,47936,22ecc5f0b9014be7,"model,tmp",0
Demo24_03.arc,0x0011,demo00_midna_cut00_fc_blend.bmd,88672,80d5304750b48e6a,"model,tmp",0
Demo24_03.arc,0x0012,demo00_midna_cut00_fc_tongue.bmd,27680,c53fd3a71f09b81f,"model,tmp",0
Demo24_03.arc,0x0016,demo00_midna_cut00_hr_tmp.bmd,9664,335e9882f76c55f3,"model,tmp",0
Demo24_03.arc,0x0013,demo00_midna_cut00_bd_hairhand.bmd,41728,9c2b60d83ee835e8,"model,tmp",0
Demo24_03.arc,0x0014,demo00_midna_cut00_bd_tmp.bmd,175648,795aa502d796905c,"model,tmp",0
Demo24_03.arc,0x001a,demo00_midna_cut00_fc_tmp.bls,231392,607fd477b93646b9,tmp,-1
Demo24_04.arc,0x0007,demo24_link_cut01_bd_1_o.bck,5504,07eac2e0e363ccfe,"anim,link_body",-1
Demo24_04.arc,0x0009,demo24_link_cut03_bd_1_o.bck,6080,f5517523820020c0,"anim,link_body",-1
Demo24_04.arc,0x000b,demo24_link_cut04_bd_1_o.bck,7360,23c69369a79d2fb9,"anim,link_body",-1
Demo24_04.arc,0x0023,demo00_midna_cut00_fc_tmp.bck,1376,a54d1e36e19148b0,"anim,tmp",-1
Demo24_04.arc,0x0030,demo00_link_cut00_hd_tmp.bck,1536,394b2dff573c9707,"anim,tmp",-1
Demo24_04.arc,0x0033,demo24_link_cut00_bd_1_l.bck,3552,dd57d6b9aa1e2c84,"anim,link_body",-1
Demo24_04.arc,0x0035,demo00_midna_cut00_hl_tmp.bck,3392,33af60aefd650374,"anim,tmp",-1
Demo24_04.arc,0x001c,demo00_midna_cut00_bd_hands.bmd,19808,9590e8a327149572,"model,tmp",0
Demo24_04.arc,0x001d,demo00_midna_cut00_bd_mask.bmd,47936,22ecc5f0b9014be7,"model,tmp",0
Demo24_04.arc,0x001e,demo00_midna_cut00_fc_blend.bmd,88672,80d5304750b48e6a,"model,tmp",0
Demo24_04.arc,0x001f,demo00_midna_cut00_fc_tongue.bmd,27680,c53fd3a71f09b81f,"model,tmp",0
Demo24_04.arc,0x0037,demo00_midna_cut00_hl_tmp.bmd,9728,bc7411b2b2bfed21,"model,tmp",0
Demo24_04.arc,0x0021,demo00_midna_cut00_bd_hairhand.bmd,41728,9c2b60d83ee835e8,"model,tmp",0
Demo24_04.arc,0x0022,demo00_midna_cut00_bd_tmp.bmd,175648,795aa502d796905c,"model,tmp",0
Demo24_04.arc,0x0024,demo00_midna_cut00_fc_tmp.bls,226304,f08292acfa539c29,tmp,-1
Demo25_01.arc,0x0008,demo25_link_cut21_bd_1_l.bck,3552,f6116bc0586d7eef,"anim,link_body",-1
Demo25_01.arc,0x0009,demo25_link_cut22_bd_1_o.bck,3264,0dd99e6bb6dc2aba,"anim,link_body",-1
Demo25_01.arc,0x000a,demo25_link_cut22_bd_2_l.bck,3712,86bd5e93728cdc98,"anim,link_body",-1
Demo25_01.arc,0x000d,demo25_link_cut25_bd_1_o.bck,4928,20d7a6af5dca21de,"anim,link_body",-1
Demo25_01.arc,0x0076,demo25_link_cut04_bd_1_o.bck,9056,097eb8f73340846d,"anim,link_body",-1
Demo25_01.arc,0x0088,demo00_midna_cut00_fc_tmp.bck,512,c48d1dc0e4cea23f,"anim,tmp",-1
Demo25_01.arc,0x0089,demo00_midna_cut00_hl_tmp.bck,2720,4e2ae9aedd56bb87,"anim,tmp",-1
Demo25_01.arc,0x008a,demo00_midna_cut00_hr_tmp.bck,2656,d7874e84728c73f0,"anim,tmp",-1
Demo25_01.arc,0x0098,demo25_link_cut13_bd_1_o.bck,6432,10f8285837e08a46,"anim,link_body",-1
Demo25_01.arc,0x0099,demo25_link_cut13_bd_2_l.bck,3424,16f644859aafd710,"anim,link_body",-1
Demo25_01.arc,0x009c,demo25_link_cut17_bd_1_o.bck,5824,1554dbee4cc9a9df,"anim,link_body",-1
Demo25_01.arc,0x00be,demo00_midna_cut00_hd_tmp.bck,5152,64a17b357989cc4f,"anim,tmp",-1
Demo25_01.arc,0x00ce,demo00_link_cut00_hd_tmp.bck,1024,d569233abf1cc045,"anim,tmp",-1
Demo25_01.arc,0x0045,demo00_midna_cut00_bd_hands.bmd,19808,9590e8a327149572,"model,tmp",0
Demo25_01.arc,0x0046,demo00_midna_cut00_bd_mask.bmd,47936,22ecc5f0b9014be7,"model,tmp",0
Demo25_01.arc,0x0047,demo00_midna_cut00_fc_blend.bmd,88672,80d5304750b48e6a,"model,tmp",0
Demo25_01.arc,0x0048,demo00_midna_cut00_fc_tongue.bmd,27680,c53fd3a71f09b81f,"model,tmp",0
Demo25_01.arc,0x0049,demo00_midna_cut00_hl_tmp.bmd,9728,cdbcff72d748def9,"model,tmp",0
Demo25_01.arc,0x004a,demo00_midna_cut00_hr_tmp.bmd,9664,335e9882f76c55f3,"model,tmp",0
Demo25_01.arc,0x004b,demo00_zant_cut00_gp_1.bmd,362048,37a935dda434f412,"model,tmp",0
Demo25_01.arc,0x004e,demo00_midna_cut00_bd_hairhand.bmd,41728,9c2b60d83ee835e8,"model,tmp",0
Demo25_01.arc,0x004f,demo00_midna_cut00_bd_tmp.bmd,175648,4891b20922690e78,"model,tmp",0
Demo25_01.arc,0x00bf,demo00_midna_cut00_hd_tmp.bmd,43168,70d3e1c164d0fda6,"model,tmp",0
Demo25_01.arc,0x008b,demo00_midna_cut00_fc_tmp.bls,263616,d7a8e8c3e07c4ee3,tmp,-1
Demo26_00.arc,0x0015,demo26_link_cut08_bd_1_o.bck,12192,18f6069f6722e7ad,"anim,link_body",-1
Demo26_00.arc,0x0017,demo26_link_cut09_bd_1_o.bck,4800,a6beef51eaeb1bfb,"anim,link_body",-1
Demo26_00.arc,0x003b,demo00_midna_cut00_fc_tmp.bck,512,02bba398c84bd4f3,"anim,tmp",-1
Demo26_00.arc,0x002f,demo00_midna_cut00_bd_hairhand.bmd,41728,9c2b60d83ee835e8,"model,tmp",0
Demo26_00.arc,0x0030,demo00_midna_cut00_bd_tmp.bmd,175648,4891b20922690e78,"model,tmp",0
Demo26_00.arc,0x0031,demo00_midna_cut00_bd_hands.bmd,19808,e165c9ffec40ac97,"model,tmp",0
Demo26_00.arc,0x0032,demo00_midna_cut00_bd_mask.bmd,47936,22ecc5f0b9014be7,"model,tmp",0
Demo26_00.arc,0x0033,demo00_midna_cut00_fc_blend.bmd,88672,80d5304750b48e6a,"model,tmp",0
Demo26_00.arc,0x0034,demo00_midna_cut00_fc_tongue.bmd,27680,c53fd3a71f09b81f,"model,tmp",0
Demo26_00.arc,0x003a,demo00_midna_cut00_fc_tmp.bls,159872,d6e1dc59e276ffe7,tmp,-1
Demo27_01.arc,0x002c,demo27_link_cut04_bd_1_o.bck,14816,069c938363b064be,"anim,link_body",-1
Demo27_01.arc,0x002e,demo27_link_cut07_bd_1_o.bck,14208,e00905aba54d7868,"anim,link_body",-1
Demo27_01.arc,0x0030,demo27_link_cut13_bd_1_o.bck,4672,175d46c17ca2c1b1,"anim,link_body",-1
Demo27_01.arc,0x0031,demo27_link_cut13_bd_2_l.bck,3264,386c0d359db35187,"anim,link_body",-1
Demo27_01.arc,0x0034,demo27_link_cut14_bd_1_l.bck,3360,6d052048193f2e52,"anim,link_body",-1
Demo27_01.arc,0x0036,demo27_link_cut19_bd_1_o.bck,3808,8abb396a3f854c5a,"anim,link_body",-1
Demo27_01.arc,0x0038,demo27_link_cut20_bd_1_o.bck,3904,7a37e472073b36de,"anim,link_body",-1
Demo27_01.arc,0x003a,demo27_link_cut24_bd_1_o.bck,8832,1ab5a48e5a6295ad,"anim,link_body",-1
Demo27_01.arc,0x003c,demo27_link_cut37_bd_1_o.bck,39392,d958b5e19bc5c299,"anim,link_body",-1
Demo27_01.arc,0x00c4,demo00_midna_cut00_fc_tmp.bck,512,e74eca69cb04a2e6,"anim,tmp",-1
Demo27_01.arc,0x00cc,demo27_link_cut03_bd_1_o.bck,16992,4268f0bd2bf06461,"anim,link_body",-1
Demo27_01.arc,0x00ce,demo00_midna_cut00_hr_tmp.bck,2752,fb7dbba9eee14a85,"anim,tmp",-1
Demo27_01.arc,0x00d5,demo27_link_cut38_bd_1_o.bck,13856,f9fda75287e688cf,"anim,link_body",-1
Demo27_01.arc,0x00d7,demo27_link_cut39_bd_2_o.bck,6560,de7ed3ea5972398b,"anim,link_body",-1
Demo27_01.arc,0x00e4,demo00_link_cut00_hd_tmp.bck,1536,fb0790ec4c06e65e,"anim,tmp",-1
Demo27_01.arc,0x00c5,demo00_midna_cut00_bd_hands.bmd,19808,9590e8a327149572,"model,tmp",0
Demo27_01.arc,0x00c6,demo00_midna_cut00_bd_mask.bmd,47936,22ecc5f0b9014be7,"model,tmp",0
Demo27_01.arc,0x00c7,demo00_midna_cut00_fc_blend.bmd,88672,80d5304750b48e6a,"model,tmp",0
Demo27_01.arc,0x00c8,demo00_midna_cut00_fc_tongue.bmd,27680,c53fd3a71f09b81f,"model,tmp",0
Demo27_01.arc,0x00cf,demo00_midna_cut00_hr_tmp.bmd,9664,335e9882f76c55f3,"model,tmp",0
Demo27_01.arc,0x00c9,demo00_midna_cut00_bd_hairhand.bmd,41728,9c2b60d83ee835e8,"model,tmp",0
Demo27_01.arc,0x00ca,demo00_midna_cut00_bd_tmp.bmd,175648,795aa502d796905c,"model,tmp",0
Demo27_01.arc,0x00cd,demo00_midna_cut00_fc_tmp.bls,262976,7eab234a829dfe2a,tmp,-1
Demo27_02.arc,0x0009,demo27_link_cut08_bd_1_o.bck,11488,d18eadf9e048aac3,"anim,link_body",-1
Demo27_02.arc,0x000c,demo27_link_cut10_bd_1_o.bck,4000,9c79fdba22ce90e7,"anim,link_body",-1
Demo27_02.arc,0x000e,demo27_link_cut11_bd_1_o.bck,5184,3b436640f224c1ba,"anim,link_body",-1
Demo27_02.arc,0x003a,demo00_link_cut00_hd_tmp.bck,3200,ec6aee40ba69bb6d,"anim,tmp",-1
Demo27_02.arc,0x0031,demo00_midna_cut00_bd_hands.bmd,19808,e165c9ffec40ac97,"model,tmp",0
Demo27_02.arc,0x0032,demo00_midna_cut00_bd_mask.bmd,47936,22ecc5f0b9014be7,"model,tmp",0
Demo27_02.arc,0x0037,demo00_midna_cut00_bd_hairhand.bmd,41728,9c2b60d83ee835e8,"model,tmp",0
Demo27_02.arc,0x0038,demo00_midna_cut00_bd_tmp.bmd,175648,4891b20922690e78,"model,tmp",0
Demo28_01.arc,0x0000,demo28_link_cut02_bd_1_o.bck,3040,ae49d1bcb3326a22,"anim,link_body",-1
Demo28_01.arc,0x0001,demo28_link_cut03_bd_1_o.bck,4032,7484ef58ca12b29d,"anim,link_body",-1
Demo28_01.arc,0x0004,demo28_link_cut08_bd_1_o.bck,8064,303868bb4ed573ba,"anim,link_body",-1
Demo28_01.arc,0x0006,demo28_link_cut10_bd_1_o.bck,8000,e1b5994c51f0383f,"anim,link_body",-1
Demo28_01.arc,0x0008,demo28_link_cut11_bd_1_o.bck,5152,05259b7550eea19d,"anim,link_body",-1
Demo28_01.arc,0x000b,demo28_link_cut13_bd_1_o.bck,8448,c472820e3f582573,"anim,link_body",-1
Demo28_01.arc,0x005d,demo00_midna_cut00_fc_tmp.bck,512,55ae12b9c2492cbb,"anim,tmp",-1
Demo28_01.arc,0x005e,demo00_midna_cut00_hl_tmp.bck,3680,74ff8883ed6d20d2,"anim,tmp",-1
Demo28_01.arc,0x005f,demo00_midna_cut00_hr_tmp.bck,3808,f33d951c0b180380,"anim,tmp",-1
Demo28_01.arc,0x0064,demo28_link_cut09_bd_1_o.bck,6368,e511efee4dbdf800,"anim,link_body",-1
Demo28_01.arc,0x006a,demo00_link_cut00_hd_tmp.bck,1568,348ebcf5cb4bb94b,"anim,tmp",-1
Demo28_01.arc,0x0052,demo00_midna_cut00_fc_tmp.bls,234912,3f86e2935e1adf2b,tmp,-1
Demo28_01.arc,0x0053,demo00_midna_cut00_bd_hands.bmd,19808,9590e8a327149572,"model,tmp",0
Demo28_01.arc,0x0054,demo00_midna_cut00_bd_mask.bmd,47936,22ecc5f0b9014be7,"model,tmp",0
Demo28_01.arc,0x0055,demo00_midna_cut00_fc_blend.bmd,113248,5f53ba88fbaa8b69,"model,tmp",0
Demo28_01.arc,0x0056,demo00_midna_cut00_fc_tongue.bmd,27680,c53fd3a71f09b81f,"model,tmp",0
Demo28_01.arc,0x0076,demo00_midna_cut00_hl_tmp.bmd,9728,cdbcff72d748def9,"model,tmp",0
Demo28_01.arc,0x0077,demo00_midna_cut00_hr_tmp.bmd,9664,335e9882f76c55f3,"model,tmp",0
Demo28_01.arc,0x005b,demo00_midna_cut00_bd_hairhand.bmd,41728,9c2b60d83ee835e8,"model,tmp",0
Demo28_01.arc,0x005c,demo00_midna_cut00_bd_tmp.bmd,175648,795aa502d796905c,"model,tmp",0
Demo28_02.arc,0x0015,demo28_link_cut01_bd_1_o.bck,26848,b7c6c969fc2ed3b7,"anim,link_body",-1
Demo28_02.arc,0x0018,demo28_link_cut02_bd_1_o.bck,5056,6c1a32d1ae4f489f,"anim,link_body",-1
Demo28_02.arc,0x001a,demo28_link_cut03_bd_1_o.bck,4544,450c25fa24ede0db,"anim,link_body",-1
Demo28_02.arc,0x001d,demo28_link_cut04_bd_1_o.bck,5152,fa7e67348d7f82d1,"anim,link_body",-1
Demo28_02.arc,0x001f,demo28_link_cut10_bd_1_o.bck,3808,4ef7e217fcf29a54,"anim,link_body",-1
Demo28_02.arc,0x003e,demo00_link_cut00_hd_tmp.bck,2368,07abe5909454e56b,"anim,tmp",-1
Demo28_02.arc,0x0051,demo28_link_cut14_bd_1_o.bck,5856,89d0e73195ae7c52,"anim,link_body",-1
Demo28_02.arc,0x0054,demo28_link_cut15_bd_1_o.bck,6880,5f60d8cf248e519f,"anim,link_body",-1
Demo28_02.arc,0x0079,demo28_link_cut17_bd_1_o.bck,3808,38cfd850dd441efa,"anim,link_body",-1
Demo28_02.arc,0x0040,demo00_midna_cut00_bd_hands.bmd,19808,e165c9ffec40ac97,"model,tmp",0
Demo28_02.arc,0x0041,demo00_midna_cut00_bd_mask.bmd,47936,22ecc5f0b9014be7,"model,tmp",0
Demo28_02.arc,0x0048,demo00_midna_cut00_bd_hairhand.bmd,41728,9c2b60d83ee835e8,"model,tmp",0
Demo28_02.arc,0x0049,demo00_midna_cut00_bd_tmp.bmd,175648,4891b20922690e78,"model,tmp",0
Demo28_03.arc,0x0000,demo28_link_cut03_bd_1_l.bck,3840,891dffb51162ea9e,"anim,link_body",-1
Demo28_03.arc,0x0002,demo28_link_cut05_bd_1_o.bck,14688,8298466a6e000359,"anim,link_body",-1
Demo28_03.arc,0x0031,demo00_link_cut00_hd_tmp.bck,1024,06ff54522f6f0a26,"anim,tmp",-1
Demo29_00.arc,0x0012,demo29_link_cut09_bd_1_o.bck,8576,c2c62c1dec64057c,"anim,link_body",-1
Demo30_01.arc,0x0000,demo30_link_cut02_bd_1_o.bck,8096,89eab85d143aaf8f,"anim,link_body",-1
Demo30_01.arc,0x0002,demo30_link_cut03_bd_1_o.bck,5184,505685e5b97b531e,"anim,link_body",-1
Demo30_01.arc,0x0004,demo30_link_cut04_bd_1_o.bck,16480,26ebcdcea27b7154,"anim,link_body",-1
Demo30_01.arc,0x0006,demo30_link_cut05_bd_1_o.bck,18784,4b4a0c35e7222f6c,"anim,link_body",-1
Demo30_01.arc,0x0007,demo30_link_cut06_bd_1_o.bck,32896,09bd7c59dc58f8ef,"anim,link_body",-1
Demo30_01.arc,0x0008,demo30_link_cut07_bd_1_o.bck,12000,f4628dc12e68603c,"anim,link_body",-1
Demo30_01.arc,0x0009,demo30_link_cut09_bd_1_o.bck,5760,eb77fcf0f781cd95,"anim,link_body",-1
Demo30_01.arc,0x000b,demo30_link_cut11_bd_1_o.bck,6656,9d4744ff205c8056,"anim,link_body",-1
Demo30_01.arc,0x0053,demo00_link_cut00_hd_tmp.bck,2976,449dee3c9012b22a,"anim,tmp",-1
Demo30_01.arc,0x004a,demo00_midna_cut00_bd_hands.bmd,19808,e165c9ffec40ac97,"model,tmp",0
Demo30_01.arc,0x004b,demo00_midna_cut00_bd_mask.bmd,47936,22ecc5f0b9014be7,"model,tmp",0
Demo30_01.arc,0x004e,demo00_midna_cut00_bd_hairhand.bmd,41728,9c2b60d83ee835e8,"model,tmp",0
Demo30_01.arc,0x004f,demo00_midna_cut00_bd_tmp.bmd,175648,4891b20922690e78,"model,tmp",0
Demo30_02.arc,0x0000,demo30_link_cut01_bd_1_l.bck,3168,16ec9829310c20df,"anim,link_body",-1
Demo30_02.arc,0x0001,demo30_link_cut03_bd_1_l.bck,3168,16ec9829310c20df,"anim,link_body",-1
Demo30_02.arc,0x0002,demo30_link_cut08_bd_1_o.bck,3680,6f28c01061f016dd,"anim,link_body",-1
Demo30_02.arc,0x0003,demo30_link_cut08_bd_2_o.bck,5120,f472b3ebc2c23cea,"anim,link_body",-1
Demo30_02.arc,0x0006,demo30_link_cut13_bd_1_o.bck,15744,0cf1b798b0bed69b,"anim,link_body",-1
Demo30_02.arc,0x0008,demo30_link_cut14_bd_1_o.bck,14720,dac56cccba1271cc,"anim,link_body",-1
Demo30_02.arc,0x000a,demo30_link_cut15_bd_1_o.bck,3712,3473382d78091be7,"anim,link_body",-1
Demo30_02.arc,0x000b,demo30_link_cut19_bd_1_l.bck,3168,bd6d4e277cd24804,"anim,link_body",-1
Demo30_02.arc,0x0065,demo00_link_cut00_hd_tmp.bck,1632,b035a769b5979c99,"anim,tmp",-1
Demo31_16.arc,0x0007,demo31_rdwb_cut01_gp_1_o.bck,109376,d7911a9fd978b710,"anim,beta_cast",-1
Demo31_16.arc,0x0008,demo31_rdwb_cut01_gp_2_o.bck,140960,b650122bafaddad2,"anim,beta_cast",-1
Demo31_16.arc,0x0004,demo31_rdwb_cut00_gp_1.bmd,137248,3f5bd66686103a74,"beta_cast,model",0
Demo32_02.arc,0x000c,demo32_link_cut01_bd_1_o.bck,6400,290206fce36a517e,"anim,link_body",-1
Demo32_02.arc,0x000d,demo32_link_cut06_bd_1_o.bck,6368,b628881ebe556a6e,"anim,link_body",-1
Demo32_02.arc,0x0030,demo00_midna_cut00_fc_tmp.bck,544,28736af94c0de38d,"anim,tmp",-1
Demo32_02.arc,0x0035,demo00_link_cut00_hd_tmp.bck,1024,c000d757d0d6a771,"anim,tmp",-1
Demo32_02.arc,0x0021,demo00_midna_cut00_bd_hands.bmd,19808,9590e8a327149572,"model,tmp",0
Demo32_02.arc,0x0022,demo00_midna_cut00_bd_mask.bmd,47936,22ecc5f0b9014be7,"model,tmp",0
Demo32_02.arc,0x0029,demo00_midna_cut00_fc_blend.bmd,88672,80d5304750b48e6a,"model,tmp",0
Demo32_02.arc,0x002a,demo00_midna_cut00_fc_tongue.bmd,27680,c53fd3a71f09b81f,"model,tmp",0
Demo32_02.arc,0x0023,demo00_midna_cut00_bd_hairhand.bmd,41728,9c2b60d83ee835e8,"model,tmp",0
Demo32_02.arc,0x0024,demo00_midna_cut00_bd_tmp.bmd,175648,795aa502d796905c,"model,tmp",0
Demo32_02.arc,0x002f,demo00_midna_cut00_fc_tmp.bls,265152,77e9da2df37adab5,tmp,-1
Demo32_05.arc,0x0007,demo32_link_cut11_bd_1_o.bck,4192,6bf23fb0488d9335,"anim,link_body",-1
Demo32_05.arc,0x0008,demo32_link_cut11_bd_2_l.bck,2976,fdf0d8892dd78fdd,"anim,link_body",-1
Demo32_05.arc,0x000b,demo32_link_cut14_bd_1_l.bck,4512,715a59ad46abcc36,"anim,link_body",-1
Demo32_05.arc,0x001d,demo00_midna_cut00_fc_tmp.bck,576,6439cdb2ef96239e,"anim,tmp",-1
Demo32_05.arc,0x0021,demo32_link_cut13_bd_1_o.bck,7200,c6fd8277b764ea60,"anim,link_body",-1
Demo32_05.arc,0x0037,demo00_link_cut00_hd_tmp.bck,1760,6d64bcd15b8bb715,"anim,tmp",-1
Demo32_05.arc,0x003f,demo32_link_cut06_bd_1_l.bck,3360,5c6538232a553c04,"anim,link_body",-1
Demo32_05.arc,0x0019,demo00_midna_cut00_bd_hands.bmd,19808,9590e8a327149572,"model,tmp",0
Demo32_05.arc,0x001a,demo00_midna_cut00_bd_mask.bmd,47936,22ecc5f0b9014be7,"model,tmp",0
Demo32_05.arc,0x0032,demo00_midna_cut00_fc_blend.bmd,88672,80d5304750b48e6a,"model,tmp",0
Demo32_05.arc,0x0033,demo00_midna_cut00_fc_tongue.bmd,27680,c53fd3a71f09b81f,"model,tmp",0
Demo32_05.arc,0x001b,demo00_midna_cut00_bd_hairhand.bmd,41728,9c2b60d83ee835e8,"model,tmp",0
Demo32_05.arc,0x001c,demo00_midna_cut00_bd_tmp.bmd,175648,795aa502d796905c,"model,tmp",0
Demo32_05.arc,0x0036,demo00_midna_cut00_fc_tmp.bls,175648,661b86cc758b6ad3,tmp,-1
Demo33_01.arc,0x0000,demo33_link_cut01_bd_1_o.bck,20192,7cddc2b4c3297cbe,"anim,link_body",-1
Demo33_01.arc,0x0001,demo33_link_cut03_bd_1_o.bck,3200,0f11b6998b7e0e26,"anim,link_body",-1
Demo33_01.arc,0x0002,demo33_link_cut03_bd_2_l.bck,3328,1593f06bc0db462d,"anim,link_body",-1
Demo33_01.arc,0x0003,demo33_link_cut03_bd_3_o.bck,4064,d88a9b750e8396ba,"anim,link_body",-1
Demo33_01.arc,0x0004,demo33_link_cut03_bd_4_l.bck,3296,ae8c58cf4b7e8626,"anim,link_body",-1
Demo33_01.arc,0x0005,demo33_link_cut05_bd_1_o.bck,3360,593705a451810bef,"anim,link_body",-1
Demo33_01.arc,0x0007,demo33_link_cut08_bd_1_o.bck,4512,d153e05252e24d84,"anim,link_body",-1
Demo33_01.arc,0x0009,demo33_link_cut10_bd_1_o.bck,16576,42132922dafebb43,"anim,link_body",-1
Demo33_01.arc,0x000b,demo33_link_cut12_bd_1_o.bck,3488,607e6367876daf37,"anim,link_body",-1
Demo33_01.arc,0x0042,demo00_midna_cut00_fc_tmp.bck,672,00acd1b23eef9a1e,"anim,tmp",-1
Demo33_01.arc,0x0055,demo00_link_cut00_hd_tmp.bck,8896,60f81741a6b63c4a,"anim,tmp",-1
Demo33_01.arc,0x0023,demo00_midna_cut00_bd_hands.bmd,19808,9590e8a327149572,"model,tmp",0
Demo33_01.arc,0x0024,demo00_midna_cut00_bd_mask.bmd,47936,22ecc5f0b9014be7,"model,tmp",0
Demo33_01.arc,0x0049,demo00_midna_cut00_fc_blend.bmd,88736,7821786eed8c1f68,"model,tmp",0
Demo33_01.arc,0x004a,demo00_midna_cut00_fc_tongue.bmd,27680,c53fd3a71f09b81f,"model,tmp",0
Demo33_01.arc,0x0026,demo00_midna_cut00_bd_hairhand.bmd,41728,9c2b60d83ee835e8,"model,tmp",0
Demo33_01.arc,0x0027,demo00_midna_cut00_bd_tmp.bmd,175648,795aa502d796905c,"model,tmp",0
Demo33_01.arc,0x0051,demo00_midna_cut00_fc_tmp.bls,199808,9d0405382115437c,tmp,-1
Demo33_03.arc,0x0000,demo33_link_cut02_bd_1_o.bck,12576,3e7152417db24a8b,"anim,link_body",-1
Demo33_03.arc,0x0009,demo00_midna_cut00_bd_hands.bmd,19808,9590e8a327149572,"model,tmp",0
Demo33_03.arc,0x000a,demo00_midna_cut00_bd_mask.bmd,47936,22ecc5f0b9014be7,"model,tmp",0
Demo33_03.arc,0x000c,demo00_midna_cut00_bd_hairhand.bmd,41728,9c2b60d83ee835e8,"model,tmp",0
Demo33_03.arc,0x000d,demo00_midna_cut00_bd_tmp.bmd,175648,795aa502d796905c,"model,tmp",0
Demo35_01.arc,0x000a,demo35_link_cut02_bd_1_o.bck,12160,c66fd54737983401,"anim,link_body",-1
Demo35_01.arc,0x000b,demo35_link_cut04_bd_1_l.bck,3488,91b457b495e39b50,"anim,link_body",-1
Demo35_01.arc,0x000c,demo35_link_cut04_bd_2_l.bck,8064,69fa8c768093a984,"anim,link_body",-1
Demo35_01.arc,0x000f,demo35_link_cut06_bd_1_o.bck,3328,36e10bec0f395723,"anim,link_body",-1
Demo35_01.arc,0x0010,demo35_link_cut06_bd_2_l.bck,3392,695ef38a41336891,"anim,link_body",-1
Demo35_01.arc,0x003a,demo00_link_cut00_hd_tmp.bck,1088,56fdb80eaebf4306,"anim,tmp",-1
Demo35_02.arc,0x0009,demo35_link_cut01_bd_1_o.bck,19392,2b471d4e9d1f0fe0,"anim,link_body",-1
Demo35_02.arc,0x000a,demo35_link_cut03_bd_1_l.bck,6784,8f7fc3538c5a49ca,"anim,link_body",-1
Demo35_02.arc,0x000c,demo35_link_cut04_bd_1_o.bck,9600,fc45dcda34688bf7,"anim,link_body",-1
Demo35_02.arc,0x000d,demo35_link_cut06_bd_1_o.bck,4640,cbb312d0f28b78af,"anim,link_body",-1
Demo35_02.arc,0x000e,demo35_link_cut08_bd_1_o.bck,7008,94ab7321dee90fc7,"anim,link_body",-1
Demo35_02.arc,0x000f,demo35_link_cut08_bd_2_l.bck,3488,b5a4e7506c15f4c6,"anim,link_body",-1
Demo35_02.arc,0x0012,demo35_link_cut16_bd_1_o.bck,5408,8bf544856ae974b9,"anim,link_body",-1
Demo35_02.arc,0x0013,demo35_link_cut18_bd_1_o.bck,3264,faa042141f057038,"anim,link_body",-1
Demo35_02.arc,0x0015,demo35_link_cut20_bd_1_o.bck,18976,7bda4fb49031c8f1,"anim,link_body",-1
Demo35_02.arc,0x0042,demo35_link_cut10_bd_1_l.bck,8320,ef2e12347fccbd94,"anim,link_body",-1
Demo35_02.arc,0x0059,demo35_link_cut14_bd_1_l.bck,3360,3fb9aa62d30b708d,"anim,link_body",-1
Demo35_02.arc,0x005a,demo35_link_cut14_bd_2_l.bck,12448,6c71eda229f6e282,"anim,link_body",-1
Demo35_02.arc,0x0065,demo00_link_cut00_hd_tmp.bck,1344,75b3ad0713dc1f8f,"anim,tmp",-1
Demo35_02.arc,0x0076,demo35_link_cut03_bd_2_l.bck,3264,4252213a98f70df5,"anim,link_body",-1
Demo35_02.arc,0x007c,demo35_link_cut04_bd_2_l.bck,3040,fb683304414391e6,"anim,link_body",-1
Demo36_00.arc,0x0001,demo36_alink_cut09_bd_1_o.bck,26176,23938a3729387109,"anim,link_body",-1
Demo36_00.arc,0x0003,demo36_alink_cut10_bd_1_o.bck,28896,cd4742391128594c,"anim,link_body",-1
Demo36_00.arc,0x0005,demo36_alink_cut11_bd_1_o.bck,17568,0ee417aff2b16dda,"anim,link_body",-1
Demo36_00.arc,0x0007,demo36_alink_cut13_bd_1_o.bck,15328,bbfe7e6186d79541,"anim,link_body",-1
Demo36_00.arc,0x0009,demo36_alink_cut14_bd_1_o.bck,47232,a845e3c1d4ab287e,"anim,link_body",-1
Demo36_00.arc,0x000b,demo36_alink_cut15_bd_1_o.bck,24448,0beb408aa19548d4,"anim,link_body",-1
Demo36_00.arc,0x0043,demo36_alink_cut03_bd_1_o.bck,4480,f6baadb2055d8c5c,"anim,link_body",-1
Demo36_00.arc,0x0044,demo36_alink_cut06_bd_1_o.bck,3072,2eb68d9685ae17c2,"anim,link_body",-1
Demo36_00.arc,0x0046,demo36_alink_cut08_bd_1_o.bck,3104,4c055fe7e7ddd84b,"anim,link_body",-1
Demo36_00.arc,0x0047,demo36_alink_cut16_bd_1_o.bck,14656,e0fcd7552b2787eb,"anim,link_body",-1
Demo36_00.arc,0x0050,demo00_link_cut00_hd_tmp.bck,1536,0bec8e22a8e04f9a,"anim,tmp",-1
Demo37_02.arc,0x0007,demo37_link_cut02_bd_1_o.bck,3104,01e1deea2fa2a366,"anim,link_body",-1
Demo37_02.arc,0x0009,demo37_link_cut05_bd_1_l.bck,15104,f1f48b08a6395e2d,"anim,link_body",-1
Demo37_02.arc,0x000b,demo37_link_cut07_bd_1_o.bck,6112,e1bbb0a2e4ef000f,"anim,link_body",-1
Demo90_00.arc,0x0003,demo90_link_cut02_bd_1_o.bck,9536,583d6b06c465f3e0,"anim,link_body",-1
